#
# A fatal error has been detected by the Java Runtime Environment:
#
#  SIGILL (0x4) at pc=0x000070da8ba438bd, pid=41834, tid=53186
#
# JRE version: OpenJDK Runtime Environment Temurin-21.0.4+7 (21.0.4+7) (build 21.0.4+7-LTS)
# Java VM: OpenJDK 64-Bit Server VM Temurin-21.0.4+7 (21.0.4+7-LTS, mixed mode, tiered, compressed oops, compressed class ptrs, g1 gc, linux-amd64)
# Problematic frame:
# C  [libjavascriptcoregtk-4.1.so.0+0x18438bd]  pas_scavenger_notify_eligibility_if_needed+0x15d
#
# Core dump will be written. Default location: Core dumps may be processed with "/usr/share/apport/apport -p%p -s%s -c%c -d%d -P%P -u%u -g%g -- %E" (or dumping to /home/ro/git/website/core.41834)
#
# If you would like to submit a bug report, please visit:
#   https://github.com/adoptium/adoptium-support/issues
#

---------------  S U M M A R Y ------------

Command Line: -Dorg.eclipse.ecf.provider.filetransfer.excludeContributors=org.eclipse.ecf.provider.filetransfer.httpclientjava -Dosgi.requiredJavaVersion=21 -Dosgi.instance.area.default=@user.home/eclipse-workspace -Dosgi.dataAreaRequiresExplicitInit=true -Dorg.eclipse.swt.graphics.Resource.reportNonDisposed=true -Declipse.e4.inject.javax.warning=false -Xms256m -Xmx2048m -XX:+UseG1GC -XX:+UseStringDeduplication --add-modules=ALL-SYSTEM -Djava.security.manager=allow /opt/eclipse//plugins/org.eclipse.equinox.launcher_1.6.900.v20240613-2009.jar -os linux -ws gtk -arch x86_64 -showsplash /opt/eclipse//plugins/org.eclipse.epp.package.common_4.33.0.20240905-0613/splash.bmp -launcher /opt/eclipse/eclipse -name Eclipse --launcher.library /opt/eclipse//plugins/org.eclipse.equinox.launcher.gtk.linux.x86_64_1.2.1100.v20240722-2106/eclipse_11904.so -startup /opt/eclipse//plugins/org.eclipse.equinox.launcher_1.6.900.v20240613-2009.jar --launcher.appendVmargs -exitdata 803c -product org.eclipse.epp.package.java.product -vm /opt/eclipse//plugins/org.eclipse.justj.openjdk.hotspot.jre.full.linux.x86_64_21.0.4.v20240802-1551/jre/bin/java -vmargs -Dorg.eclipse.ecf.provider.filetransfer.excludeContributors=org.eclipse.ecf.provider.filetransfer.httpclientjava -Dosgi.requiredJavaVersion=21 -Dosgi.instance.area.default=@user.home/eclipse-workspace -Dosgi.dataAreaRequiresExplicitInit=true -Dorg.eclipse.swt.graphics.Resource.reportNonDisposed=true -Declipse.e4.inject.javax.warning=false -Dsun.java.command=Eclipse -Xms256m -Xmx2048m -XX:+UseG1GC -XX:+UseStringDeduplication --add-modules=ALL-SYSTEM -Djava.security.manager=allow -jar /opt/eclipse//plugins/org.eclipse.equinox.launcher_1.6.900.v20240613-2009.jar

Host: Intel(R) Core(TM) i7-9700 CPU @ 3.00GHz, 8 cores, 31G, Ubuntu 24.04.1 LTS
Time: Tue Nov 12 23:50:03 2024 CET elapsed time: 5735.887670 seconds (0d 1h 35m 35s)

---------------  T H R E A D  ---------------

Current thread is native thread

Stack: [0x000070da70401000,0x000070da70c01000],  sp=0x000070da70bfdbd0,  free space=8178k
Native frames: (J=compiled Java code, j=interpreted, Vv=VM code, C=native code)
C  [libjavascriptcoregtk-4.1.so.0+0x18438bd]  pas_scavenger_notify_eligibility_if_needed+0x15d
C  [libjavascriptcoregtk-4.1.so.0+0x180bc78]  bmalloc_heap_config_specialized_local_allocator_try_allocate_small_segregated_slow+0x408
C  [libjavascriptcoregtk-4.1.so.0+0x17f7289]
C  [libjavascriptcoregtk-4.1.so.0+0x17f9c4d]  bmalloc_allocate_casual+0xd
C  [libjavascriptcoregtk-4.1.so.0+0x17d087d]
C  [libjavascriptcoregtk-4.1.so.0+0x17d08d5]
C  [libwebkit2gtk-4.1.so.0+0xd4dfcf]
C  [libwebkit2gtk-4.1.so.0+0xd53446]
C  [libwebkit2gtk-4.1.so.0+0xd53b7d]
C  [libjavascriptcoregtk-4.1.so.0+0x178f0d4]
C  [libjavascriptcoregtk-4.1.so.0+0x17efdbd]
C  [libc.so.6+0x9ca94]

siginfo: si_signo: 4 (SIGILL), si_code: 2 (ILL_ILLOPN), si_addr: 0x000070da8ba438bd

Registers:
RAX=0x000000000000000b, RBX=0x000070d95320e880, RCX=0x000070dafa2500d8, RDX=0x000070dabf9ff980
RSP=0x000070da70bfdbd0, RBP=0x000070da70bfdc00, RSI=0x000070da70bfdae8, RDI=0x000070da70bfdaf0
R8 =0x000070da5be006c0, R9 =0x000070da70bfdae7, R10=0x0000000000000008, R11=0x0000000000000246
R12=0x000070da8be53900, R13=0x000070da8be53904, R14=0x000070da8be534f8, R15=0x000070daf9dfb6e8
RIP=0x000070da8ba438bd, EFLAGS=0x0000000000010202, CSGSFS=0x002b000000000033, ERR=0x0000000000000000
  TRAPNO=0x0000000000000006


Top of Stack: (sp=0x000070da70bfdbd0)
0x000070da70bfdbd0:   000070da5be006c0 8d64d2d31d735d00
0x000070da70bfdbe0:   000070d95462d429 0000000000000000
0x000070da70bfdbf0:   000070da70bfec10 000070d95320de60
0x000070da70bfdc00:   000070da70bfeb60 000070da8ba0bc78
0x000070da70bfdc10:   0000000000000000 000070d95462d428
0x000070da70bfdc20:   000070daf9dfb6e8 000070d95320de60
0x000070da70bfdc30:   000070d95462d428 000070d95462d428
0x000070da70bfdc40:   5462d42800000000 000000000000000e
0x000070da70bfdc50:   000070d95320e3f8 000070da8b9f6430
0x000070da70bfdc60:   000070da8be16a20 000070da8be16a58
0x000070da70bfdc70:   000070da8ba067b0 000070da8ba06db0
0x000070da70bfdc80:   000070da8ba069e0 000070da8ba06bb0
0x000070da70bfdc90:   0000000000000020 000070da89164000
0x000070da70bfdca0:   0000000000000000 0000000000000000
0x000070da70bfdcb0:   0000000000000000 0000000000000000
0x000070da70bfdcc0:   0000000000000001 000070da8be16a20
0x000070da70bfdcd0:   000070da8be16a58 0000000400000000
0x000070da70bfdce0:   0000000000004000 0000000000004000
0x000070da70bfdcf0:   0000000000000a8e 000070da8ba067b0
0x000070da70bfdd00:   000070da8ba06db0 000070da8ba068f0
0x000070da70bfdd10:   000070da8ba06900 000070da8ba06910
0x000070da70bfdd20:   0000000200000000 3ff0000000000000
0x000070da70bfdd30:   0000000000000004 0000000000000400
0x000070da70bfdd40:   00000000000000ac 00000000000000ac
0x000070da70bfdd50:   0000000000003f54 0000000000003f54
0x000070da70bfdd60:   0000000100000000 0000000101000000
0x000070da70bfdd70:   000070da8ba069e0 000070da8ba06bb0
0x000070da70bfdd80:   000070da8ba09230 000070da8ba0a240
0x000070da70bfdd90:   000070da8ba0de00 000070da8ba09770
0x000070da70bfdda0:   000070da8be16a20 0000000000000002
0x000070da70bfddb0:   000070da8ba06d70 000070da8ba065f0
0x000070da70bfddc0:   000070da8ba06600 000070da8ba135e0 

Instructions: (pc=0x000070da8ba438bd)
0x000070da8ba437bd:   24 00 c6 03 00 f0 83 0c 24 00 4c 8b 2d 92 70 3d
0x000070da8ba437cd:   00 41 83 7d 00 01 74 63 48 8b 05 4c 5c 3d 00 48
0x000070da8ba437dd:   8b 18 48 85 db 0f 84 c8 00 00 00 48 89 df e8 20
0x000070da8ba437ed:   79 90 fe 41 8b 04 24 85 c0 75 11 41 8b 45 00 85
0x000070da8ba437fd:   c0 74 58 83 f8 02 0f 84 87 00 00 00 48 89 df e8
0x000070da8ba4380d:   0f 78 90 fe 48 8b 45 d8 64 48 2b 04 25 28 00 00
0x000070da8ba4381d:   00 0f 85 9b 00 00 00 48 83 c4 18 5b 41 5c 41 5d
0x000070da8ba4382d:   5d e9 2d 55 01 00 0f 1f 44 00 00 48 8b 45 d8 64
0x000070da8ba4383d:   48 2b 04 25 28 00 00 00 75 78 48 83 c4 18 5b 41
0x000070da8ba4384d:   5c 41 5d 5d c3 66 0f 1f 44 00 00 31 c9 31 f6 48
0x000070da8ba4385d:   8d 7d d0 41 c7 45 00 01 00 00 00 48 8d 15 91 f9
0x000070da8ba4386d:   ff ff e8 0c 96 90 fe 85 c0 75 45 48 8b 7d d0 e8
0x000070da8ba4387d:   6f 79 90 fe 41 8b 45 00 e9 76 ff ff ff 66 0f 1f
0x000070da8ba4388d:   44 00 00 48 8d 7b 28 41 c7 45 00 01 00 00 00 e8
0x000070da8ba4389d:   df 8c 90 fe e9 63 ff ff ff 66 2e 0f 1f 84 00 00
0x000070da8ba438ad:   00 00 00 e8 bb f8 ff ff 48 89 c3 e9 2b ff ff ff
0x000070da8ba438bd:   0f 0b e8 fc 78 90 fe 66 2e 0f 1f 84 00 00 00 00
0x000070da8ba438cd:   00 66 90 f3 0f 1e fa 55 48 89 e5 41 55 41 54 53
0x000070da8ba438dd:   48 83 ec 08 48 8b 05 40 5b 3d 00 48 8b 18 48 85
0x000070da8ba438ed:   db 74 58 48 89 df e8 18 78 90 fe 48 8b 15 c1 5a
0x000070da8ba438fd:   3d 00 83 02 01 74 54 4c 8b 25 55 6f 3d 00 4c 8d
0x000070da8ba4390d:   6b 28 41 8b 14 24 85 d2 74 1c 66 0f 1f 84 00 00
0x000070da8ba4391d:   00 00 00 48 89 de 4c 89 ef e8 75 80 90 fe 41 8b
0x000070da8ba4392d:   04 24 85 c0 75 ed 48 83 c4 08 48 89 df 5b 41 5c
0x000070da8ba4393d:   41 5d 5d e9 db 76 90 fe 0f 1f 00 e8 23 f8 ff ff
0x000070da8ba4394d:   48 89 c3 eb 9e 66 0f 1f 44 00 00 0f 0b 66 0f 1f
0x000070da8ba4395d:   44 00 00 f3 0f 1e fa 55 48 89 e5 53 48 83 ec 08
0x000070da8ba4396d:   48 8b 05 b4 5a 3d 00 48 8b 18 48 85 db 74 34 48
0x000070da8ba4397d:   89 df e8 8c 77 90 fe 48 8b 15 35 5a 3d 00 8b 02
0x000070da8ba4398d:   85 c0 74 2f 48 89 df 83 e8 01 89 02 e8 82 76 90
0x000070da8ba4399d:   fe e8 7d fd ff ff 48 8b 5d f8 c9 e9 b3 fd ff ff
0x000070da8ba439ad:   0f 1f 00 e8 bb f7 ff ff 48 89 c3 eb c2 66 0f 1f 



---------------  P R O C E S S  ---------------

VM state: not at safepoint (normal execution)

VM Mutex/Monitor currently owned by a thread: None

OutOfMemory and StackOverflow Exception counts:
OutOfMemoryError java_heap_errors=6
LinkageErrors=187

Heap address: 0x0000000080000000, size: 2048 MB, Compressed Oops mode: 32-bit

CDS archive(s) not mapped
Compressed class space mapped at: 0x0000000100000000-0x0000000140000000, reserved size: 1073741824
Narrow klass base: 0x0000000000000000, Narrow klass shift: 3, Narrow klass range: 0x140000000

GC Precious Log:
<Skipped>

Heap:
 garbage-first heap   total 363520K, used 208986K [0x0000000080000000, 0x0000000100000000)
  region size 1024K, 21 young (21504K), 17 survivors (17408K)
 Metaspace       used 158968K, committed 162304K, reserved 1245184K
  class space    used 17630K, committed 19008K, reserved 1048576K

Heap Regions: E=young(eden), S=young(survivor), O=old, HS=humongous(starts), HC=humongous(continues), CS=collection set, F=free, TAMS=top-at-mark-start, PB=parsable bottom
|   0|0x0000000080000000, 0x0000000080100000, 0x0000000080100000|100%| O|  |TAMS 0x0000000080000000| PB 0x0000000080000000| Untracked 
|   1|0x0000000080100000, 0x0000000080200000, 0x0000000080200000|100%| O|  |TAMS 0x0000000080100000| PB 0x0000000080100000| Untracked 
|   2|0x0000000080200000, 0x0000000080300000, 0x0000000080300000|100%| O|  |TAMS 0x0000000080200000| PB 0x0000000080200000| Untracked 
|   3|0x0000000080300000, 0x0000000080400000, 0x0000000080400000|100%| O|  |TAMS 0x0000000080300000| PB 0x0000000080300000| Untracked 
|   4|0x0000000080400000, 0x0000000080500000, 0x0000000080500000|100%| O|  |TAMS 0x0000000080400000| PB 0x0000000080400000| Untracked 
|   5|0x0000000080500000, 0x0000000080600000, 0x0000000080600000|100%| O|  |TAMS 0x0000000080500000| PB 0x0000000080500000| Untracked 
|   6|0x0000000080600000, 0x0000000080700000, 0x0000000080700000|100%| O|  |TAMS 0x0000000080600000| PB 0x0000000080600000| Untracked 
|   7|0x0000000080700000, 0x0000000080800000, 0x0000000080800000|100%| O|  |TAMS 0x0000000080700000| PB 0x0000000080700000| Untracked 
|   8|0x0000000080800000, 0x0000000080900000, 0x0000000080900000|100%| O|  |TAMS 0x0000000080800000| PB 0x0000000080800000| Untracked 
|   9|0x0000000080900000, 0x0000000080a00000, 0x0000000080a00000|100%| O|  |TAMS 0x0000000080900000| PB 0x0000000080900000| Untracked 
|  10|0x0000000080a00000, 0x0000000080b00000, 0x0000000080b00000|100%| O|  |TAMS 0x0000000080a00000| PB 0x0000000080a00000| Untracked 
|  11|0x0000000080b00000, 0x0000000080c00000, 0x0000000080c00000|100%| O|  |TAMS 0x0000000080b00000| PB 0x0000000080b00000| Untracked 
|  12|0x0000000080c00000, 0x0000000080d00000, 0x0000000080d00000|100%| O|  |TAMS 0x0000000080c00000| PB 0x0000000080c00000| Untracked 
|  13|0x0000000080d00000, 0x0000000080e00000, 0x0000000080e00000|100%|HS|  |TAMS 0x0000000080d00000| PB 0x0000000080d00000| Complete 
|  14|0x0000000080e00000, 0x0000000080f00000, 0x0000000080f00000|100%| O|  |TAMS 0x0000000080e00000| PB 0x0000000080e00000| Untracked 
|  15|0x0000000080f00000, 0x0000000081000000, 0x0000000081000000|100%| O|  |TAMS 0x0000000080f00000| PB 0x0000000080f00000| Untracked 
|  16|0x0000000081000000, 0x0000000081100000, 0x0000000081100000|100%| O|  |TAMS 0x0000000081000000| PB 0x0000000081000000| Untracked 
|  17|0x0000000081100000, 0x0000000081200000, 0x0000000081200000|100%| O|  |TAMS 0x0000000081100000| PB 0x0000000081100000| Untracked 
|  18|0x0000000081200000, 0x0000000081300000, 0x0000000081300000|100%| O|  |TAMS 0x0000000081200000| PB 0x0000000081200000| Untracked 
|  19|0x0000000081300000, 0x0000000081400000, 0x0000000081400000|100%| O|  |TAMS 0x0000000081300000| PB 0x0000000081300000| Untracked 
|  20|0x0000000081400000, 0x0000000081500000, 0x0000000081500000|100%| O|  |TAMS 0x0000000081400000| PB 0x0000000081400000| Untracked 
|  21|0x0000000081500000, 0x0000000081600000, 0x0000000081600000|100%| O|Cm|TAMS 0x0000000081500000| PB 0x0000000081500000| Complete 
|  22|0x0000000081600000, 0x0000000081700000, 0x0000000081700000|100%| O|  |TAMS 0x0000000081600000| PB 0x0000000081600000| Untracked 
|  23|0x0000000081700000, 0x0000000081800000, 0x0000000081800000|100%| O|  |TAMS 0x0000000081700000| PB 0x0000000081700000| Untracked 
|  24|0x0000000081800000, 0x0000000081900000, 0x0000000081900000|100%| O|  |TAMS 0x0000000081800000| PB 0x0000000081800000| Untracked 
|  25|0x0000000081900000, 0x0000000081a00000, 0x0000000081a00000|100%| O|  |TAMS 0x0000000081900000| PB 0x0000000081900000| Untracked 
|  26|0x0000000081a00000, 0x0000000081b00000, 0x0000000081b00000|100%| O|  |TAMS 0x0000000081a00000| PB 0x0000000081a00000| Untracked 
|  27|0x0000000081b00000, 0x0000000081c00000, 0x0000000081c00000|100%| O|  |TAMS 0x0000000081b00000| PB 0x0000000081b00000| Untracked 
|  28|0x0000000081c00000, 0x0000000081d00000, 0x0000000081d00000|100%| O|  |TAMS 0x0000000081c00000| PB 0x0000000081c00000| Untracked 
|  29|0x0000000081d00000, 0x0000000081e00000, 0x0000000081e00000|100%| O|  |TAMS 0x0000000081d00000| PB 0x0000000081d00000| Untracked 
|  30|0x0000000081e00000, 0x0000000081f00000, 0x0000000081f00000|100%| O|  |TAMS 0x0000000081e00000| PB 0x0000000081e00000| Untracked 
|  31|0x0000000081f00000, 0x0000000082000000, 0x0000000082000000|100%| O|  |TAMS 0x0000000081f00000| PB 0x0000000081f00000| Untracked 
|  32|0x0000000082000000, 0x0000000082100000, 0x0000000082100000|100%| O|  |TAMS 0x0000000082000000| PB 0x0000000082000000| Untracked 
|  33|0x0000000082100000, 0x0000000082200000, 0x0000000082200000|100%| O|  |TAMS 0x0000000082100000| PB 0x0000000082100000| Untracked 
|  34|0x0000000082200000, 0x0000000082300000, 0x0000000082300000|100%| O|  |TAMS 0x0000000082200000| PB 0x0000000082200000| Untracked 
|  35|0x0000000082300000, 0x0000000082400000, 0x0000000082400000|100%| O|  |TAMS 0x0000000082300000| PB 0x0000000082300000| Untracked 
|  36|0x0000000082400000, 0x0000000082500000, 0x0000000082500000|100%| O|  |TAMS 0x0000000082400000| PB 0x0000000082400000| Untracked 
|  37|0x0000000082500000, 0x0000000082600000, 0x0000000082600000|100%| O|  |TAMS 0x0000000082500000| PB 0x0000000082500000| Untracked 
|  38|0x0000000082600000, 0x0000000082700000, 0x0000000082700000|100%| O|  |TAMS 0x0000000082600000| PB 0x0000000082600000| Untracked 
|  39|0x0000000082700000, 0x0000000082700000, 0x0000000082800000|  0%| F|  |TAMS 0x0000000082700000| PB 0x0000000082700000| Untracked 
|  40|0x0000000082800000, 0x0000000082900000, 0x0000000082900000|100%| O|  |TAMS 0x0000000082800000| PB 0x0000000082800000| Untracked 
|  41|0x0000000082900000, 0x0000000082a00000, 0x0000000082a00000|100%|HS|  |TAMS 0x0000000082900000| PB 0x0000000082900000| Complete 
|  42|0x0000000082a00000, 0x0000000082b00000, 0x0000000082b00000|100%| O|  |TAMS 0x0000000082a00000| PB 0x0000000082a00000| Untracked 
|  43|0x0000000082b00000, 0x0000000082c00000, 0x0000000082c00000|100%|HS|  |TAMS 0x0000000082b00000| PB 0x0000000082b00000| Complete 
|  44|0x0000000082c00000, 0x0000000082d00000, 0x0000000082d00000|100%| O|  |TAMS 0x0000000082c00000| PB 0x0000000082c00000| Untracked 
|  45|0x0000000082d00000, 0x0000000082e00000, 0x0000000082e00000|100%| O|  |TAMS 0x0000000082d00000| PB 0x0000000082d00000| Untracked 
|  46|0x0000000082e00000, 0x0000000082f00000, 0x0000000082f00000|100%| O|  |TAMS 0x0000000082e00000| PB 0x0000000082e00000| Untracked 
|  47|0x0000000082f00000, 0x0000000083000000, 0x0000000083000000|100%| O|  |TAMS 0x0000000082f00000| PB 0x0000000082f00000| Untracked 
|  48|0x0000000083000000, 0x0000000083100000, 0x0000000083100000|100%| O|  |TAMS 0x0000000083000000| PB 0x0000000083000000| Untracked 
|  49|0x0000000083100000, 0x0000000083200000, 0x0000000083200000|100%| O|  |TAMS 0x0000000083100000| PB 0x0000000083100000| Untracked 
|  50|0x0000000083200000, 0x0000000083300000, 0x0000000083300000|100%| O|  |TAMS 0x0000000083200000| PB 0x0000000083200000| Untracked 
|  51|0x0000000083300000, 0x0000000083400000, 0x0000000083400000|100%| O|  |TAMS 0x0000000083300000| PB 0x0000000083300000| Untracked 
|  52|0x0000000083400000, 0x0000000083500000, 0x0000000083500000|100%| O|  |TAMS 0x0000000083400000| PB 0x0000000083400000| Untracked 
|  53|0x0000000083500000, 0x0000000083600000, 0x0000000083600000|100%| O|  |TAMS 0x0000000083500000| PB 0x0000000083500000| Untracked 
|  54|0x0000000083600000, 0x0000000083700000, 0x0000000083700000|100%| O|  |TAMS 0x0000000083600000| PB 0x0000000083600000| Untracked 
|  55|0x0000000083700000, 0x0000000083800000, 0x0000000083800000|100%| O|  |TAMS 0x0000000083700000| PB 0x0000000083700000| Untracked 
|  56|0x0000000083800000, 0x0000000083900000, 0x0000000083900000|100%| O|  |TAMS 0x0000000083800000| PB 0x0000000083800000| Untracked 
|  57|0x0000000083900000, 0x0000000083a00000, 0x0000000083a00000|100%| O|  |TAMS 0x0000000083900000| PB 0x0000000083900000| Untracked 
|  58|0x0000000083a00000, 0x0000000083b00000, 0x0000000083b00000|100%| O|  |TAMS 0x0000000083a00000| PB 0x0000000083a00000| Untracked 
|  59|0x0000000083b00000, 0x0000000083c00000, 0x0000000083c00000|100%| O|  |TAMS 0x0000000083b00000| PB 0x0000000083b00000| Untracked 
|  60|0x0000000083c00000, 0x0000000083d00000, 0x0000000083d00000|100%| O|  |TAMS 0x0000000083c00000| PB 0x0000000083c00000| Untracked 
|  61|0x0000000083d00000, 0x0000000083e00000, 0x0000000083e00000|100%| O|  |TAMS 0x0000000083d00000| PB 0x0000000083d00000| Untracked 
|  62|0x0000000083e00000, 0x0000000083f00000, 0x0000000083f00000|100%| O|  |TAMS 0x0000000083e00000| PB 0x0000000083e00000| Untracked 
|  63|0x0000000083f00000, 0x0000000084000000, 0x0000000084000000|100%| O|  |TAMS 0x0000000083f00000| PB 0x0000000083f00000| Untracked 
|  64|0x0000000084000000, 0x0000000084100000, 0x0000000084100000|100%| O|  |TAMS 0x0000000084000000| PB 0x0000000084000000| Untracked 
|  65|0x0000000084100000, 0x0000000084200000, 0x0000000084200000|100%| O|  |TAMS 0x0000000084100000| PB 0x0000000084100000| Untracked 
|  66|0x0000000084200000, 0x0000000084300000, 0x0000000084300000|100%| O|  |TAMS 0x0000000084200000| PB 0x0000000084200000| Untracked 
|  67|0x0000000084300000, 0x0000000084400000, 0x0000000084400000|100%| O|  |TAMS 0x0000000084300000| PB 0x0000000084300000| Untracked 
|  68|0x0000000084400000, 0x0000000084500000, 0x0000000084500000|100%| O|  |TAMS 0x0000000084400000| PB 0x0000000084400000| Untracked 
|  69|0x0000000084500000, 0x0000000084600000, 0x0000000084600000|100%| O|  |TAMS 0x0000000084500000| PB 0x0000000084500000| Untracked 
|  70|0x0000000084600000, 0x0000000084700000, 0x0000000084700000|100%| O|  |TAMS 0x0000000084600000| PB 0x0000000084600000| Untracked 
|  71|0x0000000084700000, 0x0000000084800000, 0x0000000084800000|100%| O|  |TAMS 0x0000000084700000| PB 0x0000000084700000| Untracked 
|  72|0x0000000084800000, 0x0000000084900000, 0x0000000084900000|100%| O|  |TAMS 0x0000000084800000| PB 0x0000000084800000| Untracked 
|  73|0x0000000084900000, 0x0000000084a00000, 0x0000000084a00000|100%| O|  |TAMS 0x0000000084900000| PB 0x0000000084900000| Untracked 
|  74|0x0000000084a00000, 0x0000000084b00000, 0x0000000084b00000|100%| O|  |TAMS 0x0000000084a00000| PB 0x0000000084a00000| Untracked 
|  75|0x0000000084b00000, 0x0000000084c00000, 0x0000000084c00000|100%| O|  |TAMS 0x0000000084b00000| PB 0x0000000084b00000| Untracked 
|  76|0x0000000084c00000, 0x0000000084d00000, 0x0000000084d00000|100%| O|  |TAMS 0x0000000084c00000| PB 0x0000000084c00000| Untracked 
|  77|0x0000000084d00000, 0x0000000084e00000, 0x0000000084e00000|100%| O|  |TAMS 0x0000000084d00000| PB 0x0000000084d00000| Untracked 
|  78|0x0000000084e00000, 0x0000000084f00000, 0x0000000084f00000|100%| O|  |TAMS 0x0000000084e00000| PB 0x0000000084e00000| Untracked 
|  79|0x0000000084f00000, 0x0000000085000000, 0x0000000085000000|100%| O|  |TAMS 0x0000000084f00000| PB 0x0000000084f00000| Untracked 
|  80|0x0000000085000000, 0x0000000085100000, 0x0000000085100000|100%| O|  |TAMS 0x0000000085000000| PB 0x0000000085000000| Untracked 
|  81|0x0000000085100000, 0x0000000085200000, 0x0000000085200000|100%| O|  |TAMS 0x0000000085100000| PB 0x0000000085100000| Untracked 
|  82|0x0000000085200000, 0x0000000085300000, 0x0000000085300000|100%| O|  |TAMS 0x0000000085200000| PB 0x0000000085200000| Untracked 
|  83|0x0000000085300000, 0x0000000085400000, 0x0000000085400000|100%| O|  |TAMS 0x0000000085300000| PB 0x0000000085300000| Untracked 
|  84|0x0000000085400000, 0x0000000085500000, 0x0000000085500000|100%| O|  |TAMS 0x0000000085400000| PB 0x0000000085400000| Untracked 
|  85|0x0000000085500000, 0x0000000085600000, 0x0000000085600000|100%| O|  |TAMS 0x0000000085500000| PB 0x0000000085500000| Untracked 
|  86|0x0000000085600000, 0x0000000085700000, 0x0000000085700000|100%| O|  |TAMS 0x0000000085600000| PB 0x0000000085600000| Untracked 
|  87|0x0000000085700000, 0x0000000085800000, 0x0000000085800000|100%| O|  |TAMS 0x0000000085700000| PB 0x0000000085700000| Untracked 
|  88|0x0000000085800000, 0x0000000085900000, 0x0000000085900000|100%| O|  |TAMS 0x0000000085800000| PB 0x0000000085800000| Untracked 
|  89|0x0000000085900000, 0x0000000085a00000, 0x0000000085a00000|100%| O|  |TAMS 0x0000000085900000| PB 0x0000000085900000| Untracked 
|  90|0x0000000085a00000, 0x0000000085b00000, 0x0000000085b00000|100%| O|  |TAMS 0x0000000085a00000| PB 0x0000000085a00000| Untracked 
|  91|0x0000000085b00000, 0x0000000085c00000, 0x0000000085c00000|100%|HS|  |TAMS 0x0000000085b00000| PB 0x0000000085b00000| Complete 
|  92|0x0000000085c00000, 0x0000000085d00000, 0x0000000085d00000|100%|HC|  |TAMS 0x0000000085c00000| PB 0x0000000085c00000| Complete 
|  93|0x0000000085d00000, 0x0000000085e00000, 0x0000000085e00000|100%| O|  |TAMS 0x0000000085d00000| PB 0x0000000085d00000| Untracked 
|  94|0x0000000085e00000, 0x0000000085f00000, 0x0000000085f00000|100%| O|  |TAMS 0x0000000085e00000| PB 0x0000000085e00000| Untracked 
|  95|0x0000000085f00000, 0x0000000086000000, 0x0000000086000000|100%| O|  |TAMS 0x0000000085f00000| PB 0x0000000085f00000| Untracked 
|  96|0x0000000086000000, 0x0000000086100000, 0x0000000086100000|100%| O|  |TAMS 0x0000000086000000| PB 0x0000000086000000| Untracked 
|  97|0x0000000086100000, 0x0000000086200000, 0x0000000086200000|100%| O|  |TAMS 0x0000000086100000| PB 0x0000000086100000| Untracked 
|  98|0x0000000086200000, 0x0000000086300000, 0x0000000086300000|100%| O|  |TAMS 0x0000000086200000| PB 0x0000000086200000| Untracked 
|  99|0x0000000086300000, 0x0000000086400000, 0x0000000086400000|100%| O|  |TAMS 0x0000000086300000| PB 0x0000000086300000| Untracked 
| 100|0x0000000086400000, 0x0000000086500000, 0x0000000086500000|100%| O|  |TAMS 0x0000000086400000| PB 0x0000000086400000| Untracked 
| 101|0x0000000086500000, 0x0000000086600000, 0x0000000086600000|100%| O|  |TAMS 0x0000000086500000| PB 0x0000000086500000| Untracked 
| 102|0x0000000086600000, 0x0000000086700000, 0x0000000086700000|100%| O|  |TAMS 0x0000000086600000| PB 0x0000000086600000| Untracked 
| 103|0x0000000086700000, 0x0000000086800000, 0x0000000086800000|100%| O|  |TAMS 0x0000000086700000| PB 0x0000000086700000| Untracked 
| 104|0x0000000086800000, 0x0000000086900000, 0x0000000086900000|100%| O|  |TAMS 0x0000000086800000| PB 0x0000000086800000| Untracked 
| 105|0x0000000086900000, 0x0000000086a00000, 0x0000000086a00000|100%| O|  |TAMS 0x0000000086900000| PB 0x0000000086900000| Untracked 
| 106|0x0000000086a00000, 0x0000000086b00000, 0x0000000086b00000|100%| O|  |TAMS 0x0000000086a00000| PB 0x0000000086a00000| Untracked 
| 107|0x0000000086b00000, 0x0000000086c00000, 0x0000000086c00000|100%| O|  |TAMS 0x0000000086b00000| PB 0x0000000086b00000| Untracked 
| 108|0x0000000086c00000, 0x0000000086d00000, 0x0000000086d00000|100%| O|  |TAMS 0x0000000086c00000| PB 0x0000000086c00000| Untracked 
| 109|0x0000000086d00000, 0x0000000086e00000, 0x0000000086e00000|100%| O|  |TAMS 0x0000000086d00000| PB 0x0000000086d00000| Untracked 
| 110|0x0000000086e00000, 0x0000000086f00000, 0x0000000086f00000|100%| O|  |TAMS 0x0000000086e00000| PB 0x0000000086e00000| Untracked 
| 111|0x0000000086f00000, 0x0000000087000000, 0x0000000087000000|100%| O|  |TAMS 0x0000000086f00000| PB 0x0000000086f00000| Untracked 
| 112|0x0000000087000000, 0x0000000087100000, 0x0000000087100000|100%| O|  |TAMS 0x0000000087000000| PB 0x0000000087000000| Untracked 
| 113|0x0000000087100000, 0x0000000087200000, 0x0000000087200000|100%| O|  |TAMS 0x0000000087100000| PB 0x0000000087100000| Untracked 
| 114|0x0000000087200000, 0x0000000087300000, 0x0000000087300000|100%| O|  |TAMS 0x0000000087200000| PB 0x0000000087200000| Untracked 
| 115|0x0000000087300000, 0x0000000087400000, 0x0000000087400000|100%| O|  |TAMS 0x0000000087300000| PB 0x0000000087300000| Untracked 
| 116|0x0000000087400000, 0x0000000087500000, 0x0000000087500000|100%| O|  |TAMS 0x0000000087400000| PB 0x0000000087400000| Untracked 
| 117|0x0000000087500000, 0x0000000087600000, 0x0000000087600000|100%| O|  |TAMS 0x0000000087500000| PB 0x0000000087500000| Untracked 
| 118|0x0000000087600000, 0x0000000087700000, 0x0000000087700000|100%| O|  |TAMS 0x0000000087600000| PB 0x0000000087600000| Untracked 
| 119|0x0000000087700000, 0x0000000087800000, 0x0000000087800000|100%| O|  |TAMS 0x0000000087700000| PB 0x0000000087700000| Untracked 
| 120|0x0000000087800000, 0x0000000087900000, 0x0000000087900000|100%| O|  |TAMS 0x0000000087800000| PB 0x0000000087800000| Untracked 
| 121|0x0000000087900000, 0x0000000087a00000, 0x0000000087a00000|100%| O|  |TAMS 0x0000000087900000| PB 0x0000000087900000| Untracked 
| 122|0x0000000087a00000, 0x0000000087b00000, 0x0000000087b00000|100%| O|  |TAMS 0x0000000087a00000| PB 0x0000000087a00000| Untracked 
| 123|0x0000000087b00000, 0x0000000087c00000, 0x0000000087c00000|100%| O|  |TAMS 0x0000000087b00000| PB 0x0000000087b00000| Untracked 
| 124|0x0000000087c00000, 0x0000000087d00000, 0x0000000087d00000|100%| O|  |TAMS 0x0000000087c00000| PB 0x0000000087c00000| Untracked 
| 125|0x0000000087d00000, 0x0000000087e00000, 0x0000000087e00000|100%| O|  |TAMS 0x0000000087d00000| PB 0x0000000087d00000| Untracked 
| 126|0x0000000087e00000, 0x0000000087f00000, 0x0000000087f00000|100%| O|  |TAMS 0x0000000087e00000| PB 0x0000000087e00000| Untracked 
| 127|0x0000000087f00000, 0x0000000088000000, 0x0000000088000000|100%| O|  |TAMS 0x0000000087f00000| PB 0x0000000087f00000| Untracked 
| 128|0x0000000088000000, 0x0000000088100000, 0x0000000088100000|100%| O|  |TAMS 0x0000000088000000| PB 0x0000000088000000| Untracked 
| 129|0x0000000088100000, 0x0000000088200000, 0x0000000088200000|100%| O|  |TAMS 0x0000000088100000| PB 0x0000000088100000| Untracked 
| 130|0x0000000088200000, 0x0000000088300000, 0x0000000088300000|100%| O|  |TAMS 0x0000000088200000| PB 0x0000000088200000| Untracked 
| 131|0x0000000088300000, 0x0000000088400000, 0x0000000088400000|100%| O|  |TAMS 0x0000000088300000| PB 0x0000000088300000| Untracked 
| 132|0x0000000088400000, 0x0000000088500000, 0x0000000088500000|100%| O|  |TAMS 0x0000000088400000| PB 0x0000000088400000| Untracked 
| 133|0x0000000088500000, 0x0000000088600000, 0x0000000088600000|100%| O|  |TAMS 0x0000000088500000| PB 0x0000000088500000| Untracked 
| 134|0x0000000088600000, 0x0000000088700000, 0x0000000088700000|100%| O|  |TAMS 0x0000000088600000| PB 0x0000000088600000| Untracked 
| 135|0x0000000088700000, 0x0000000088800000, 0x0000000088800000|100%| O|  |TAMS 0x0000000088700000| PB 0x0000000088700000| Untracked 
| 136|0x0000000088800000, 0x0000000088900000, 0x0000000088900000|100%| O|  |TAMS 0x0000000088800000| PB 0x0000000088800000| Untracked 
| 137|0x0000000088900000, 0x0000000088a00000, 0x0000000088a00000|100%| O|  |TAMS 0x0000000088900000| PB 0x0000000088900000| Untracked 
| 138|0x0000000088a00000, 0x0000000088b00000, 0x0000000088b00000|100%| O|  |TAMS 0x0000000088a00000| PB 0x0000000088a00000| Untracked 
| 139|0x0000000088b00000, 0x0000000088c00000, 0x0000000088c00000|100%| O|  |TAMS 0x0000000088b00000| PB 0x0000000088b00000| Untracked 
| 140|0x0000000088c00000, 0x0000000088d00000, 0x0000000088d00000|100%| O|  |TAMS 0x0000000088c00000| PB 0x0000000088c00000| Untracked 
| 141|0x0000000088d00000, 0x0000000088e00000, 0x0000000088e00000|100%| O|  |TAMS 0x0000000088d00000| PB 0x0000000088d00000| Untracked 
| 142|0x0000000088e00000, 0x0000000088f00000, 0x0000000088f00000|100%| O|  |TAMS 0x0000000088e00000| PB 0x0000000088e00000| Untracked 
| 143|0x0000000088f00000, 0x0000000089000000, 0x0000000089000000|100%| O|  |TAMS 0x0000000088f00000| PB 0x0000000088f00000| Untracked 
| 144|0x0000000089000000, 0x0000000089100000, 0x0000000089100000|100%| O|  |TAMS 0x0000000089000000| PB 0x0000000089000000| Untracked 
| 145|0x0000000089100000, 0x0000000089200000, 0x0000000089200000|100%| O|  |TAMS 0x0000000089100000| PB 0x0000000089100000| Untracked 
| 146|0x0000000089200000, 0x0000000089300000, 0x0000000089300000|100%| O|  |TAMS 0x0000000089200000| PB 0x0000000089200000| Untracked 
| 147|0x0000000089300000, 0x0000000089400000, 0x0000000089400000|100%| O|  |TAMS 0x0000000089300000| PB 0x0000000089300000| Untracked 
| 148|0x0000000089400000, 0x0000000089500000, 0x0000000089500000|100%| O|  |TAMS 0x0000000089400000| PB 0x0000000089400000| Untracked 
| 149|0x0000000089500000, 0x0000000089600000, 0x0000000089600000|100%| O|  |TAMS 0x0000000089500000| PB 0x0000000089500000| Untracked 
| 150|0x0000000089600000, 0x0000000089700000, 0x0000000089700000|100%| O|  |TAMS 0x0000000089600000| PB 0x0000000089600000| Untracked 
| 151|0x0000000089700000, 0x0000000089800000, 0x0000000089800000|100%| O|  |TAMS 0x0000000089700000| PB 0x0000000089700000| Untracked 
| 152|0x0000000089800000, 0x0000000089900000, 0x0000000089900000|100%| O|  |TAMS 0x0000000089800000| PB 0x0000000089800000| Untracked 
| 153|0x0000000089900000, 0x0000000089a00000, 0x0000000089a00000|100%| O|  |TAMS 0x0000000089900000| PB 0x0000000089900000| Untracked 
| 154|0x0000000089a00000, 0x0000000089b00000, 0x0000000089b00000|100%| O|  |TAMS 0x0000000089a00000| PB 0x0000000089a00000| Untracked 
| 155|0x0000000089b00000, 0x0000000089c00000, 0x0000000089c00000|100%| O|  |TAMS 0x0000000089b00000| PB 0x0000000089b00000| Untracked 
| 156|0x0000000089c00000, 0x0000000089d00000, 0x0000000089d00000|100%| O|  |TAMS 0x0000000089c00000| PB 0x0000000089c00000| Untracked 
| 157|0x0000000089d00000, 0x0000000089e00000, 0x0000000089e00000|100%| O|  |TAMS 0x0000000089d00000| PB 0x0000000089d00000| Untracked 
| 158|0x0000000089e00000, 0x0000000089f00000, 0x0000000089f00000|100%| O|  |TAMS 0x0000000089e00000| PB 0x0000000089e00000| Untracked 
| 159|0x0000000089f00000, 0x000000008a000000, 0x000000008a000000|100%| O|  |TAMS 0x0000000089f00000| PB 0x0000000089f00000| Untracked 
| 160|0x000000008a000000, 0x000000008a100000, 0x000000008a100000|100%| O|  |TAMS 0x000000008a000000| PB 0x000000008a000000| Untracked 
| 161|0x000000008a100000, 0x000000008a176610, 0x000000008a200000| 46%| O|  |TAMS 0x000000008a100000| PB 0x000000008a100000| Untracked 
| 162|0x000000008a200000, 0x000000008a300000, 0x000000008a300000|100%| O|  |TAMS 0x000000008a200000| PB 0x000000008a200000| Untracked 
| 163|0x000000008a300000, 0x000000008a400000, 0x000000008a400000|100%| O|  |TAMS 0x000000008a300000| PB 0x000000008a300000| Untracked 
| 164|0x000000008a400000, 0x000000008a400000, 0x000000008a500000|  0%| F|  |TAMS 0x000000008a400000| PB 0x000000008a400000| Untracked 
| 165|0x000000008a500000, 0x000000008a600000, 0x000000008a600000|100%| O|Cm|TAMS 0x000000008a500000| PB 0x000000008a500000| Complete 
| 166|0x000000008a600000, 0x000000008a700000, 0x000000008a700000|100%| O|  |TAMS 0x000000008a600000| PB 0x000000008a600000| Untracked 
| 167|0x000000008a700000, 0x000000008a800000, 0x000000008a800000|100%| O|  |TAMS 0x000000008a700000| PB 0x000000008a700000| Untracked 
| 168|0x000000008a800000, 0x000000008a900000, 0x000000008a900000|100%| O|  |TAMS 0x000000008a800000| PB 0x000000008a800000| Untracked 
| 169|0x000000008a900000, 0x000000008aa00000, 0x000000008aa00000|100%| O|  |TAMS 0x000000008a900000| PB 0x000000008a900000| Untracked 
| 170|0x000000008aa00000, 0x000000008aa00000, 0x000000008ab00000|  0%| F|  |TAMS 0x000000008aa00000| PB 0x000000008aa00000| Untracked 
| 171|0x000000008ab00000, 0x000000008ab00000, 0x000000008ac00000|  0%| F|  |TAMS 0x000000008ab00000| PB 0x000000008ab00000| Untracked 
| 172|0x000000008ac00000, 0x000000008ad00000, 0x000000008ad00000|100%| O|  |TAMS 0x000000008ac00000| PB 0x000000008ac00000| Untracked 
| 173|0x000000008ad00000, 0x000000008ae00000, 0x000000008ae00000|100%| O|  |TAMS 0x000000008ad00000| PB 0x000000008ad00000| Untracked 
| 174|0x000000008ae00000, 0x000000008af00000, 0x000000008af00000|100%| O|Cm|TAMS 0x000000008ae00000| PB 0x000000008ae00000| Complete 
| 175|0x000000008af00000, 0x000000008b000000, 0x000000008b000000|100%| O|Cm|TAMS 0x000000008af00000| PB 0x000000008af00000| Complete 
| 176|0x000000008b000000, 0x000000008b100000, 0x000000008b100000|100%| O|Cm|TAMS 0x000000008b000000| PB 0x000000008b000000| Complete 
| 177|0x000000008b100000, 0x000000008b200000, 0x000000008b200000|100%| O|  |TAMS 0x000000008b100000| PB 0x000000008b100000| Untracked 
| 178|0x000000008b200000, 0x000000008b300000, 0x000000008b300000|100%| O|  |TAMS 0x000000008b200000| PB 0x000000008b200000| Untracked 
| 179|0x000000008b300000, 0x000000008b400000, 0x000000008b400000|100%| O|Cm|TAMS 0x000000008b300000| PB 0x000000008b300000| Complete 
| 180|0x000000008b400000, 0x000000008b500000, 0x000000008b500000|100%| O|Cm|TAMS 0x000000008b400000| PB 0x000000008b400000| Complete 
| 181|0x000000008b500000, 0x000000008b500000, 0x000000008b600000|  0%| F|  |TAMS 0x000000008b500000| PB 0x000000008b500000| Untracked 
| 182|0x000000008b600000, 0x000000008b600000, 0x000000008b700000|  0%| F|  |TAMS 0x000000008b600000| PB 0x000000008b600000| Untracked 
| 183|0x000000008b700000, 0x000000008b700000, 0x000000008b800000|  0%| F|  |TAMS 0x000000008b700000| PB 0x000000008b700000| Untracked 
| 184|0x000000008b800000, 0x000000008b800000, 0x000000008b900000|  0%| F|  |TAMS 0x000000008b800000| PB 0x000000008b800000| Untracked 
| 185|0x000000008b900000, 0x000000008b900000, 0x000000008ba00000|  0%| F|  |TAMS 0x000000008b900000| PB 0x000000008b900000| Untracked 
| 186|0x000000008ba00000, 0x000000008ba00000, 0x000000008bb00000|  0%| F|  |TAMS 0x000000008ba00000| PB 0x000000008ba00000| Untracked 
| 187|0x000000008bb00000, 0x000000008bb00000, 0x000000008bc00000|  0%| F|  |TAMS 0x000000008bb00000| PB 0x000000008bb00000| Untracked 
| 188|0x000000008bc00000, 0x000000008bc00000, 0x000000008bd00000|  0%| F|  |TAMS 0x000000008bc00000| PB 0x000000008bc00000| Untracked 
| 189|0x000000008bd00000, 0x000000008bd00000, 0x000000008be00000|  0%| F|  |TAMS 0x000000008bd00000| PB 0x000000008bd00000| Untracked 
| 190|0x000000008be00000, 0x000000008be00000, 0x000000008bf00000|  0%| F|  |TAMS 0x000000008be00000| PB 0x000000008be00000| Untracked 
| 191|0x000000008bf00000, 0x000000008bf00000, 0x000000008c000000|  0%| F|  |TAMS 0x000000008bf00000| PB 0x000000008bf00000| Untracked 
| 192|0x000000008c000000, 0x000000008c000000, 0x000000008c100000|  0%| F|  |TAMS 0x000000008c000000| PB 0x000000008c000000| Untracked 
| 193|0x000000008c100000, 0x000000008c100000, 0x000000008c200000|  0%| F|  |TAMS 0x000000008c100000| PB 0x000000008c100000| Untracked 
| 194|0x000000008c200000, 0x000000008c200000, 0x000000008c300000|  0%| F|  |TAMS 0x000000008c200000| PB 0x000000008c200000| Untracked 
| 195|0x000000008c300000, 0x000000008c400000, 0x000000008c400000|100%| S|CS|TAMS 0x000000008c300000| PB 0x000000008c300000| Complete 
| 196|0x000000008c400000, 0x000000008c500000, 0x000000008c500000|100%| S|CS|TAMS 0x000000008c400000| PB 0x000000008c400000| Complete 
| 197|0x000000008c500000, 0x000000008c600000, 0x000000008c600000|100%| S|CS|TAMS 0x000000008c500000| PB 0x000000008c500000| Complete 
| 198|0x000000008c600000, 0x000000008c700000, 0x000000008c700000|100%| S|CS|TAMS 0x000000008c600000| PB 0x000000008c600000| Complete 
| 199|0x000000008c700000, 0x000000008c700000, 0x000000008c800000|  0%| F|  |TAMS 0x000000008c700000| PB 0x000000008c700000| Untracked 
| 200|0x000000008c800000, 0x000000008c800000, 0x000000008c900000|  0%| F|  |TAMS 0x000000008c800000| PB 0x000000008c800000| Untracked 
| 201|0x000000008c900000, 0x000000008c900000, 0x000000008ca00000|  0%| F|  |TAMS 0x000000008c900000| PB 0x000000008c900000| Untracked 
| 202|0x000000008ca00000, 0x000000008ca00000, 0x000000008cb00000|  0%| F|  |TAMS 0x000000008ca00000| PB 0x000000008ca00000| Untracked 
| 203|0x000000008cb00000, 0x000000008cb00000, 0x000000008cc00000|  0%| F|  |TAMS 0x000000008cb00000| PB 0x000000008cb00000| Untracked 
| 204|0x000000008cc00000, 0x000000008cc00000, 0x000000008cd00000|  0%| F|  |TAMS 0x000000008cc00000| PB 0x000000008cc00000| Untracked 
| 205|0x000000008cd00000, 0x000000008ce00000, 0x000000008ce00000|100%| S|CS|TAMS 0x000000008cd00000| PB 0x000000008cd00000| Complete 
| 206|0x000000008ce00000, 0x000000008cf00000, 0x000000008cf00000|100%| S|CS|TAMS 0x000000008ce00000| PB 0x000000008ce00000| Complete 
| 207|0x000000008cf00000, 0x000000008d000000, 0x000000008d000000|100%| S|CS|TAMS 0x000000008cf00000| PB 0x000000008cf00000| Complete 
| 208|0x000000008d000000, 0x000000008d100000, 0x000000008d100000|100%| S|CS|TAMS 0x000000008d000000| PB 0x000000008d000000| Complete 
| 209|0x000000008d100000, 0x000000008d200000, 0x000000008d200000|100%| S|CS|TAMS 0x000000008d100000| PB 0x000000008d100000| Complete 
| 210|0x000000008d200000, 0x000000008d300000, 0x000000008d300000|100%| S|CS|TAMS 0x000000008d200000| PB 0x000000008d200000| Complete 
| 211|0x000000008d300000, 0x000000008d400000, 0x000000008d400000|100%| S|CS|TAMS 0x000000008d300000| PB 0x000000008d300000| Complete 
| 212|0x000000008d400000, 0x000000008d500000, 0x000000008d500000|100%| S|CS|TAMS 0x000000008d400000| PB 0x000000008d400000| Complete 
| 213|0x000000008d500000, 0x000000008d600000, 0x000000008d600000|100%| S|CS|TAMS 0x000000008d500000| PB 0x000000008d500000| Complete 
| 214|0x000000008d600000, 0x000000008d700000, 0x000000008d700000|100%| S|CS|TAMS 0x000000008d600000| PB 0x000000008d600000| Complete 
| 215|0x000000008d700000, 0x000000008d800000, 0x000000008d800000|100%| S|CS|TAMS 0x000000008d700000| PB 0x000000008d700000| Complete 
| 216|0x000000008d800000, 0x000000008d900000, 0x000000008d900000|100%| S|CS|TAMS 0x000000008d800000| PB 0x000000008d800000| Complete 
| 217|0x000000008d900000, 0x000000008da00000, 0x000000008da00000|100%| S|CS|TAMS 0x000000008d900000| PB 0x000000008d900000| Complete 
| 218|0x000000008da00000, 0x000000008da00000, 0x000000008db00000|  0%| F|  |TAMS 0x000000008da00000| PB 0x000000008da00000| Untracked 
| 219|0x000000008db00000, 0x000000008db00000, 0x000000008dc00000|  0%| F|  |TAMS 0x000000008db00000| PB 0x000000008db00000| Untracked 
| 220|0x000000008dc00000, 0x000000008dc00000, 0x000000008dd00000|  0%| F|  |TAMS 0x000000008dc00000| PB 0x000000008dc00000| Untracked 
| 221|0x000000008dd00000, 0x000000008dd00000, 0x000000008de00000|  0%| F|  |TAMS 0x000000008dd00000| PB 0x000000008dd00000| Untracked 
| 222|0x000000008de00000, 0x000000008de00000, 0x000000008df00000|  0%| F|  |TAMS 0x000000008de00000| PB 0x000000008de00000| Untracked 
| 223|0x000000008df00000, 0x000000008df00000, 0x000000008e000000|  0%| F|  |TAMS 0x000000008df00000| PB 0x000000008df00000| Untracked 
| 224|0x000000008e000000, 0x000000008e000000, 0x000000008e100000|  0%| F|  |TAMS 0x000000008e000000| PB 0x000000008e000000| Untracked 
| 225|0x000000008e100000, 0x000000008e100000, 0x000000008e200000|  0%| F|  |TAMS 0x000000008e100000| PB 0x000000008e100000| Untracked 
| 226|0x000000008e200000, 0x000000008e200000, 0x000000008e300000|  0%| F|  |TAMS 0x000000008e200000| PB 0x000000008e200000| Untracked 
| 227|0x000000008e300000, 0x000000008e300000, 0x000000008e400000|  0%| F|  |TAMS 0x000000008e300000| PB 0x000000008e300000| Untracked 
| 228|0x000000008e400000, 0x000000008e400000, 0x000000008e500000|  0%| F|  |TAMS 0x000000008e400000| PB 0x000000008e400000| Untracked 
| 229|0x000000008e500000, 0x000000008e500000, 0x000000008e600000|  0%| F|  |TAMS 0x000000008e500000| PB 0x000000008e500000| Untracked 
| 230|0x000000008e600000, 0x000000008e600000, 0x000000008e700000|  0%| F|  |TAMS 0x000000008e600000| PB 0x000000008e600000| Untracked 
| 231|0x000000008e700000, 0x000000008e700000, 0x000000008e800000|  0%| F|  |TAMS 0x000000008e700000| PB 0x000000008e700000| Untracked 
| 232|0x000000008e800000, 0x000000008e800000, 0x000000008e900000|  0%| F|  |TAMS 0x000000008e800000| PB 0x000000008e800000| Untracked 
| 233|0x000000008e900000, 0x000000008e900000, 0x000000008ea00000|  0%| F|  |TAMS 0x000000008e900000| PB 0x000000008e900000| Untracked 
| 234|0x000000008ea00000, 0x000000008ea00000, 0x000000008eb00000|  0%| F|  |TAMS 0x000000008ea00000| PB 0x000000008ea00000| Untracked 
| 235|0x000000008eb00000, 0x000000008eb00000, 0x000000008ec00000|  0%| F|  |TAMS 0x000000008eb00000| PB 0x000000008eb00000| Untracked 
| 236|0x000000008ec00000, 0x000000008ec00000, 0x000000008ed00000|  0%| F|  |TAMS 0x000000008ec00000| PB 0x000000008ec00000| Untracked 
| 237|0x000000008ed00000, 0x000000008ed00000, 0x000000008ee00000|  0%| F|  |TAMS 0x000000008ed00000| PB 0x000000008ed00000| Untracked 
| 238|0x000000008ee00000, 0x000000008ee00000, 0x000000008ef00000|  0%| F|  |TAMS 0x000000008ee00000| PB 0x000000008ee00000| Untracked 
| 239|0x000000008ef00000, 0x000000008ef00000, 0x000000008f000000|  0%| F|  |TAMS 0x000000008ef00000| PB 0x000000008ef00000| Untracked 
| 240|0x000000008f000000, 0x000000008f000000, 0x000000008f100000|  0%| F|  |TAMS 0x000000008f000000| PB 0x000000008f000000| Untracked 
| 241|0x000000008f100000, 0x000000008f100000, 0x000000008f200000|  0%| F|  |TAMS 0x000000008f100000| PB 0x000000008f100000| Untracked 
| 242|0x000000008f200000, 0x000000008f200000, 0x000000008f300000|  0%| F|  |TAMS 0x000000008f200000| PB 0x000000008f200000| Untracked 
| 243|0x000000008f300000, 0x000000008f300000, 0x000000008f400000|  0%| F|  |TAMS 0x000000008f300000| PB 0x000000008f300000| Untracked 
| 244|0x000000008f400000, 0x000000008f400000, 0x000000008f500000|  0%| F|  |TAMS 0x000000008f400000| PB 0x000000008f400000| Untracked 
| 245|0x000000008f500000, 0x000000008f500000, 0x000000008f600000|  0%| F|  |TAMS 0x000000008f500000| PB 0x000000008f500000| Untracked 
| 246|0x000000008f600000, 0x000000008f600000, 0x000000008f700000|  0%| F|  |TAMS 0x000000008f600000| PB 0x000000008f600000| Untracked 
| 247|0x000000008f700000, 0x000000008f700000, 0x000000008f800000|  0%| F|  |TAMS 0x000000008f700000| PB 0x000000008f700000| Untracked 
| 248|0x000000008f800000, 0x000000008f800000, 0x000000008f900000|  0%| F|  |TAMS 0x000000008f800000| PB 0x000000008f800000| Untracked 
| 249|0x000000008f900000, 0x000000008f900000, 0x000000008fa00000|  0%| F|  |TAMS 0x000000008f900000| PB 0x000000008f900000| Untracked 
| 250|0x000000008fa00000, 0x000000008fa00000, 0x000000008fb00000|  0%| F|  |TAMS 0x000000008fa00000| PB 0x000000008fa00000| Untracked 
| 251|0x000000008fb00000, 0x000000008fb00000, 0x000000008fc00000|  0%| F|  |TAMS 0x000000008fb00000| PB 0x000000008fb00000| Untracked 
| 252|0x000000008fc00000, 0x000000008fc00000, 0x000000008fd00000|  0%| F|  |TAMS 0x000000008fc00000| PB 0x000000008fc00000| Untracked 
| 253|0x000000008fd00000, 0x000000008fd00000, 0x000000008fe00000|  0%| F|  |TAMS 0x000000008fd00000| PB 0x000000008fd00000| Untracked 
| 254|0x000000008fe00000, 0x000000008fe00000, 0x000000008ff00000|  0%| F|  |TAMS 0x000000008fe00000| PB 0x000000008fe00000| Untracked 
| 255|0x000000008ff00000, 0x000000008ff00000, 0x0000000090000000|  0%| F|  |TAMS 0x000000008ff00000| PB 0x000000008ff00000| Untracked 
| 256|0x0000000090000000, 0x0000000090000000, 0x0000000090100000|  0%| F|  |TAMS 0x0000000090000000| PB 0x0000000090000000| Untracked 
| 257|0x0000000090100000, 0x0000000090100000, 0x0000000090200000|  0%| F|  |TAMS 0x0000000090100000| PB 0x0000000090100000| Untracked 
| 258|0x0000000090200000, 0x0000000090200000, 0x0000000090300000|  0%| F|  |TAMS 0x0000000090200000| PB 0x0000000090200000| Untracked 
| 259|0x0000000090300000, 0x0000000090300000, 0x0000000090400000|  0%| F|  |TAMS 0x0000000090300000| PB 0x0000000090300000| Untracked 
| 260|0x0000000090400000, 0x0000000090400000, 0x0000000090500000|  0%| F|  |TAMS 0x0000000090400000| PB 0x0000000090400000| Untracked 
| 261|0x0000000090500000, 0x0000000090500000, 0x0000000090600000|  0%| F|  |TAMS 0x0000000090500000| PB 0x0000000090500000| Untracked 
| 262|0x0000000090600000, 0x0000000090600000, 0x0000000090700000|  0%| F|  |TAMS 0x0000000090600000| PB 0x0000000090600000| Untracked 
| 263|0x0000000090700000, 0x0000000090700000, 0x0000000090800000|  0%| F|  |TAMS 0x0000000090700000| PB 0x0000000090700000| Untracked 
| 264|0x0000000090800000, 0x0000000090800000, 0x0000000090900000|  0%| F|  |TAMS 0x0000000090800000| PB 0x0000000090800000| Untracked 
| 265|0x0000000090900000, 0x0000000090900000, 0x0000000090a00000|  0%| F|  |TAMS 0x0000000090900000| PB 0x0000000090900000| Untracked 
| 266|0x0000000090a00000, 0x0000000090a00000, 0x0000000090b00000|  0%| F|  |TAMS 0x0000000090a00000| PB 0x0000000090a00000| Untracked 
| 267|0x0000000090b00000, 0x0000000090b00000, 0x0000000090c00000|  0%| F|  |TAMS 0x0000000090b00000| PB 0x0000000090b00000| Untracked 
| 268|0x0000000090c00000, 0x0000000090c00000, 0x0000000090d00000|  0%| F|  |TAMS 0x0000000090c00000| PB 0x0000000090c00000| Untracked 
| 269|0x0000000090d00000, 0x0000000090d00000, 0x0000000090e00000|  0%| F|  |TAMS 0x0000000090d00000| PB 0x0000000090d00000| Untracked 
| 270|0x0000000090e00000, 0x0000000090e00000, 0x0000000090f00000|  0%| F|  |TAMS 0x0000000090e00000| PB 0x0000000090e00000| Untracked 
| 271|0x0000000090f00000, 0x0000000090f00000, 0x0000000091000000|  0%| F|  |TAMS 0x0000000090f00000| PB 0x0000000090f00000| Untracked 
| 272|0x0000000091000000, 0x0000000091000000, 0x0000000091100000|  0%| F|  |TAMS 0x0000000091000000| PB 0x0000000091000000| Untracked 
| 273|0x0000000091100000, 0x0000000091100000, 0x0000000091200000|  0%| F|  |TAMS 0x0000000091100000| PB 0x0000000091100000| Untracked 
| 274|0x0000000091200000, 0x0000000091200000, 0x0000000091300000|  0%| F|  |TAMS 0x0000000091200000| PB 0x0000000091200000| Untracked 
| 275|0x0000000091300000, 0x0000000091300000, 0x0000000091400000|  0%| F|  |TAMS 0x0000000091300000| PB 0x0000000091300000| Untracked 
| 276|0x0000000091400000, 0x0000000091400000, 0x0000000091500000|  0%| F|  |TAMS 0x0000000091400000| PB 0x0000000091400000| Untracked 
| 277|0x0000000091500000, 0x0000000091500000, 0x0000000091600000|  0%| F|  |TAMS 0x0000000091500000| PB 0x0000000091500000| Untracked 
| 278|0x0000000091600000, 0x0000000091600000, 0x0000000091700000|  0%| F|  |TAMS 0x0000000091600000| PB 0x0000000091600000| Untracked 
| 279|0x0000000091700000, 0x0000000091700000, 0x0000000091800000|  0%| F|  |TAMS 0x0000000091700000| PB 0x0000000091700000| Untracked 
| 280|0x0000000091800000, 0x0000000091800000, 0x0000000091900000|  0%| F|  |TAMS 0x0000000091800000| PB 0x0000000091800000| Untracked 
| 281|0x0000000091900000, 0x0000000091900000, 0x0000000091a00000|  0%| F|  |TAMS 0x0000000091900000| PB 0x0000000091900000| Untracked 
| 282|0x0000000091a00000, 0x0000000091a00000, 0x0000000091b00000|  0%| F|  |TAMS 0x0000000091a00000| PB 0x0000000091a00000| Untracked 
| 283|0x0000000091b00000, 0x0000000091b00000, 0x0000000091c00000|  0%| F|  |TAMS 0x0000000091b00000| PB 0x0000000091b00000| Untracked 
| 284|0x0000000091c00000, 0x0000000091c00000, 0x0000000091d00000|  0%| F|  |TAMS 0x0000000091c00000| PB 0x0000000091c00000| Untracked 
| 285|0x0000000091d00000, 0x0000000091d00000, 0x0000000091e00000|  0%| F|  |TAMS 0x0000000091d00000| PB 0x0000000091d00000| Untracked 
| 286|0x0000000091e00000, 0x0000000091e00000, 0x0000000091f00000|  0%| F|  |TAMS 0x0000000091e00000| PB 0x0000000091e00000| Untracked 
| 287|0x0000000091f00000, 0x0000000091f00000, 0x0000000092000000|  0%| F|  |TAMS 0x0000000091f00000| PB 0x0000000091f00000| Untracked 
| 288|0x0000000092000000, 0x0000000092000000, 0x0000000092100000|  0%| F|  |TAMS 0x0000000092000000| PB 0x0000000092000000| Untracked 
| 289|0x0000000092100000, 0x0000000092100000, 0x0000000092200000|  0%| F|  |TAMS 0x0000000092100000| PB 0x0000000092100000| Untracked 
| 290|0x0000000092200000, 0x0000000092200000, 0x0000000092300000|  0%| F|  |TAMS 0x0000000092200000| PB 0x0000000092200000| Untracked 
| 291|0x0000000092300000, 0x0000000092300000, 0x0000000092400000|  0%| F|  |TAMS 0x0000000092300000| PB 0x0000000092300000| Untracked 
| 292|0x0000000092400000, 0x0000000092400000, 0x0000000092500000|  0%| F|  |TAMS 0x0000000092400000| PB 0x0000000092400000| Untracked 
| 293|0x0000000092500000, 0x0000000092500000, 0x0000000092600000|  0%| F|  |TAMS 0x0000000092500000| PB 0x0000000092500000| Untracked 
| 294|0x0000000092600000, 0x0000000092600000, 0x0000000092700000|  0%| F|  |TAMS 0x0000000092600000| PB 0x0000000092600000| Untracked 
| 295|0x0000000092700000, 0x0000000092700000, 0x0000000092800000|  0%| F|  |TAMS 0x0000000092700000| PB 0x0000000092700000| Untracked 
| 296|0x0000000092800000, 0x0000000092800000, 0x0000000092900000|  0%| F|  |TAMS 0x0000000092800000| PB 0x0000000092800000| Untracked 
| 297|0x0000000092900000, 0x0000000092900000, 0x0000000092a00000|  0%| F|  |TAMS 0x0000000092900000| PB 0x0000000092900000| Untracked 
| 298|0x0000000092a00000, 0x0000000092a00000, 0x0000000092b00000|  0%| F|  |TAMS 0x0000000092a00000| PB 0x0000000092a00000| Untracked 
| 299|0x0000000092b00000, 0x0000000092b00000, 0x0000000092c00000|  0%| F|  |TAMS 0x0000000092b00000| PB 0x0000000092b00000| Untracked 
| 300|0x0000000092c00000, 0x0000000092c00000, 0x0000000092d00000|  0%| F|  |TAMS 0x0000000092c00000| PB 0x0000000092c00000| Untracked 
| 301|0x0000000092d00000, 0x0000000092d00000, 0x0000000092e00000|  0%| F|  |TAMS 0x0000000092d00000| PB 0x0000000092d00000| Untracked 
| 302|0x0000000092e00000, 0x0000000092e00000, 0x0000000092f00000|  0%| F|  |TAMS 0x0000000092e00000| PB 0x0000000092e00000| Untracked 
| 303|0x0000000092f00000, 0x0000000092f00000, 0x0000000093000000|  0%| F|  |TAMS 0x0000000092f00000| PB 0x0000000092f00000| Untracked 
| 304|0x0000000093000000, 0x0000000093000000, 0x0000000093100000|  0%| F|  |TAMS 0x0000000093000000| PB 0x0000000093000000| Untracked 
| 305|0x0000000093100000, 0x0000000093100000, 0x0000000093200000|  0%| F|  |TAMS 0x0000000093100000| PB 0x0000000093100000| Untracked 
| 306|0x0000000093200000, 0x0000000093200000, 0x0000000093300000|  0%| F|  |TAMS 0x0000000093200000| PB 0x0000000093200000| Untracked 
| 307|0x0000000093300000, 0x0000000093300000, 0x0000000093400000|  0%| F|  |TAMS 0x0000000093300000| PB 0x0000000093300000| Untracked 
| 308|0x0000000093400000, 0x0000000093400000, 0x0000000093500000|  0%| F|  |TAMS 0x0000000093400000| PB 0x0000000093400000| Untracked 
| 309|0x0000000093500000, 0x0000000093500000, 0x0000000093600000|  0%| F|  |TAMS 0x0000000093500000| PB 0x0000000093500000| Untracked 
| 310|0x0000000093600000, 0x0000000093600000, 0x0000000093700000|  0%| F|  |TAMS 0x0000000093600000| PB 0x0000000093600000| Untracked 
| 311|0x0000000093700000, 0x0000000093700000, 0x0000000093800000|  0%| F|  |TAMS 0x0000000093700000| PB 0x0000000093700000| Untracked 
| 312|0x0000000093800000, 0x0000000093800000, 0x0000000093900000|  0%| F|  |TAMS 0x0000000093800000| PB 0x0000000093800000| Untracked 
| 313|0x0000000093900000, 0x0000000093900000, 0x0000000093a00000|  0%| F|  |TAMS 0x0000000093900000| PB 0x0000000093900000| Untracked 
| 314|0x0000000093a00000, 0x0000000093a00000, 0x0000000093b00000|  0%| F|  |TAMS 0x0000000093a00000| PB 0x0000000093a00000| Untracked 
| 315|0x0000000093b00000, 0x0000000093b00000, 0x0000000093c00000|  0%| F|  |TAMS 0x0000000093b00000| PB 0x0000000093b00000| Untracked 
| 316|0x0000000093c00000, 0x0000000093c00000, 0x0000000093d00000|  0%| F|  |TAMS 0x0000000093c00000| PB 0x0000000093c00000| Untracked 
| 317|0x0000000093d00000, 0x0000000093d00000, 0x0000000093e00000|  0%| F|  |TAMS 0x0000000093d00000| PB 0x0000000093d00000| Untracked 
| 318|0x0000000093e00000, 0x0000000093e00000, 0x0000000093f00000|  0%| F|  |TAMS 0x0000000093e00000| PB 0x0000000093e00000| Untracked 
| 319|0x0000000093f00000, 0x0000000093f00000, 0x0000000094000000|  0%| F|  |TAMS 0x0000000093f00000| PB 0x0000000093f00000| Untracked 
| 320|0x0000000094000000, 0x0000000094000000, 0x0000000094100000|  0%| F|  |TAMS 0x0000000094000000| PB 0x0000000094000000| Untracked 
| 321|0x0000000094100000, 0x0000000094100000, 0x0000000094200000|  0%| F|  |TAMS 0x0000000094100000| PB 0x0000000094100000| Untracked 
| 322|0x0000000094200000, 0x0000000094200000, 0x0000000094300000|  0%| F|  |TAMS 0x0000000094200000| PB 0x0000000094200000| Untracked 
| 323|0x0000000094300000, 0x0000000094300000, 0x0000000094400000|  0%| F|  |TAMS 0x0000000094300000| PB 0x0000000094300000| Untracked 
| 324|0x0000000094400000, 0x0000000094400000, 0x0000000094500000|  0%| F|  |TAMS 0x0000000094400000| PB 0x0000000094400000| Untracked 
| 325|0x0000000094500000, 0x0000000094500000, 0x0000000094600000|  0%| F|  |TAMS 0x0000000094500000| PB 0x0000000094500000| Untracked 
| 326|0x0000000094600000, 0x0000000094600000, 0x0000000094700000|  0%| F|  |TAMS 0x0000000094600000| PB 0x0000000094600000| Untracked 
| 327|0x0000000094700000, 0x0000000094700000, 0x0000000094800000|  0%| F|  |TAMS 0x0000000094700000| PB 0x0000000094700000| Untracked 
| 462|0x000000009ce00000, 0x000000009ce00000, 0x000000009cf00000|  0%| F|  |TAMS 0x000000009ce00000| PB 0x000000009ce00000| Untracked 
| 463|0x000000009cf00000, 0x000000009cf00000, 0x000000009d000000|  0%| F|  |TAMS 0x000000009cf00000| PB 0x000000009cf00000| Untracked 
| 464|0x000000009d000000, 0x000000009d000000, 0x000000009d100000|  0%| F|  |TAMS 0x000000009d000000| PB 0x000000009d000000| Untracked 
|2024|0x00000000fe800000, 0x00000000fe900000, 0x00000000fe900000|100%| O|Cm|TAMS 0x00000000fe800000| PB 0x00000000fe800000| Complete 
|2025|0x00000000fe900000, 0x00000000fe900000, 0x00000000fea00000|  0%| F|  |TAMS 0x00000000fe900000| PB 0x00000000fe900000| Untracked 
|2026|0x00000000fea00000, 0x00000000fea00000, 0x00000000feb00000|  0%| F|  |TAMS 0x00000000fea00000| PB 0x00000000fea00000| Untracked 
|2027|0x00000000feb00000, 0x00000000fec00000, 0x00000000fec00000|100%| O|  |TAMS 0x00000000feb00000| PB 0x00000000feb00000| Untracked 
|2028|0x00000000fec00000, 0x00000000fed00000, 0x00000000fed00000|100%| O|  |TAMS 0x00000000fec00000| PB 0x00000000fec00000| Untracked 
|2029|0x00000000fed00000, 0x00000000fed00000, 0x00000000fee00000|  0%| F|  |TAMS 0x00000000fed00000| PB 0x00000000fed00000| Untracked 
|2030|0x00000000fee00000, 0x00000000fef00000, 0x00000000fef00000|100%| O|  |TAMS 0x00000000fee00000| PB 0x00000000fee00000| Untracked 
|2031|0x00000000fef00000, 0x00000000ff000000, 0x00000000ff000000|100%| O|  |TAMS 0x00000000fef00000| PB 0x00000000fef00000| Untracked 
|2032|0x00000000ff000000, 0x00000000ff100000, 0x00000000ff100000|100%| O|  |TAMS 0x00000000ff000000| PB 0x00000000ff000000| Untracked 
|2033|0x00000000ff100000, 0x00000000ff100000, 0x00000000ff200000|  0%| F|  |TAMS 0x00000000ff100000| PB 0x00000000ff100000| Untracked 
|2034|0x00000000ff200000, 0x00000000ff200000, 0x00000000ff300000|  0%| F|  |TAMS 0x00000000ff200000| PB 0x00000000ff200000| Untracked 
|2035|0x00000000ff300000, 0x00000000ff300000, 0x00000000ff400000|  0%| F|  |TAMS 0x00000000ff300000| PB 0x00000000ff300000| Untracked 
|2036|0x00000000ff400000, 0x00000000ff400000, 0x00000000ff500000|  0%| F|  |TAMS 0x00000000ff400000| PB 0x00000000ff400000| Untracked 
|2037|0x00000000ff500000, 0x00000000ff600000, 0x00000000ff600000|100%| O|  |TAMS 0x00000000ff500000| PB 0x00000000ff500000| Untracked 
|2038|0x00000000ff600000, 0x00000000ff600000, 0x00000000ff700000|  0%| F|  |TAMS 0x00000000ff600000| PB 0x00000000ff600000| Untracked 
|2039|0x00000000ff700000, 0x00000000ff700000, 0x00000000ff800000|  0%| F|  |TAMS 0x00000000ff700000| PB 0x00000000ff700000| Untracked 
|2040|0x00000000ff800000, 0x00000000ff800000, 0x00000000ff900000|  0%| F|  |TAMS 0x00000000ff800000| PB 0x00000000ff800000| Untracked 
|2041|0x00000000ff900000, 0x00000000ff900000, 0x00000000ffa00000|  0%| F|  |TAMS 0x00000000ff900000| PB 0x00000000ff900000| Untracked 
|2042|0x00000000ffa00000, 0x00000000ffa00000, 0x00000000ffb00000|  0%| F|  |TAMS 0x00000000ffa00000| PB 0x00000000ffa00000| Untracked 
|2043|0x00000000ffb00000, 0x00000000ffb00000, 0x00000000ffc00000|  0%| F|  |TAMS 0x00000000ffb00000| PB 0x00000000ffb00000| Untracked 
|2044|0x00000000ffc00000, 0x00000000ffca0408, 0x00000000ffd00000| 62%| E|  |TAMS 0x00000000ffc00000| PB 0x00000000ffc00000| Complete 
|2045|0x00000000ffd00000, 0x00000000ffe00000, 0x00000000ffe00000|100%| E|CS|TAMS 0x00000000ffd00000| PB 0x00000000ffd00000| Complete 
|2046|0x00000000ffe00000, 0x00000000fff00000, 0x00000000fff00000|100%| E|CS|TAMS 0x00000000ffe00000| PB 0x00000000ffe00000| Complete 
|2047|0x00000000fff00000, 0x0000000100000000, 0x0000000100000000|100%| E|CS|TAMS 0x00000000fff00000| PB 0x00000000fff00000| Complete 

Card table byte_map: [0x000070dae0800000,0x000070dae0c00000] _byte_map_base: 0x000070dae0400000

Marking Bits: (CMBitMap*) 0x000070daf4087950
 Bits: [0x000070dade800000, 0x000070dae0800000)

Polling page: 0x000070dafa1f7000

Metaspace:

Usage:
  Non-class:    138,02 MB used.
      Class:     17,22 MB used.
       Both:    155,24 MB used.

Virtual space:
  Non-class space:      192,00 MB reserved,     139,94 MB ( 73%) committed,  3 nodes.
      Class space:        1,00 GB reserved,      18,56 MB (  2%) committed,  1 nodes.
             Both:        1,19 GB reserved,     158,50 MB ( 13%) committed. 

Chunk freelists:
   Non-Class:  3,97 MB
       Class:  13,41 MB
        Both:  17,38 MB

MaxMetaspaceSize: unlimited
CompressedClassSpaceSize: 1,00 GB
Initial GC threshold: 21,00 MB
Current GC threshold: 264,19 MB
CDS: off
 - commit_granule_bytes: 65536.
 - commit_granule_words: 8192.
 - virtual_space_node_default_size: 8388608.
 - enlarge_chunks_in_place: 1.
 - use_allocation_guard: 0.


Internal statistics:

num_allocs_failed_limit: 33.
num_arena_births: 2348.
num_arena_deaths: 734.
num_vsnodes_births: 4.
num_vsnodes_deaths: 0.
num_space_committed: 2536.
num_space_uncommitted: 0.
num_chunks_returned_to_freelist: 931.
num_chunks_taken_from_freelist: 10469.
num_chunk_merges: 296.
num_chunk_splits: 6066.
num_chunks_enlarged: 3179.
num_inconsistent_stats: 0.

CodeHeap 'non-profiled nmethods': size=120028Kb used=15304Kb max_used=18556Kb free=104723Kb
 bounds [0x000070dae8ec9000, 0x000070daea0e9000, 0x000070daf0400000]
CodeHeap 'profiled nmethods': size=120028Kb used=23564Kb max_used=31663Kb free=96463Kb
 bounds [0x000070dae1400000, 0x000070dae33b0000, 0x000070dae8937000]
CodeHeap 'non-nmethods': size=5704Kb used=2095Kb max_used=2202Kb free=3608Kb
 bounds [0x000070dae8937000, 0x000070dae8ba7000, 0x000070dae8ec9000]
 total_blobs=13687 nmethods=12608 adapters=979
 compilation: enabled
              stopped_count=0, restarted_count=0
 full_count=0

Compilation events (20 events):
Event: 5733,596 Thread 0x000070daf429d300 44103       3       org.eclipse.jface.text.source.OverviewRuler$FilterIterator::next (5 bytes)
Event: 5733,597 Thread 0x000070daf429d300 nmethod 44103 0x000070dae2a0ff10 code [0x000070dae2a100c0, 0x000070dae2a10330]
Event: 5733,597 Thread 0x000070daf429d300 44104   !   3       org.eclipse.jface.text.source.OverviewRuler$FilterIterator::next (32 bytes)
Event: 5733,597 Thread 0x000070daf429d300 nmethod 44104 0x000070dae2a0fa90 code [0x000070dae2a0fc40, 0x000070dae2a0fe58]
Event: 5733,641 Thread 0x000070daf429d300 44105       3       org.eclipse.e4.ui.workbench.renderers.swt.HandledContributionItem$$Lambda/0x000000010067e4a0::commandChanged (9 bytes)
Event: 5733,642 Thread 0x000070daf429d300 nmethod 44105 0x000070dae1570390 code [0x000070dae15705e0, 0x000070dae1570f80]
Event: 5733,642 Thread 0x000070daf429d300 44106       3       org.eclipse.e4.ui.workbench.renderers.swt.HandledContributionItem::lambda$1 (13 bytes)
Event: 5733,642 Thread 0x000070daf429d300 nmethod 44106 0x000070dae15ab810 code [0x000070dae15aba40, 0x000070dae15ac310]
Event: 5733,642 Thread 0x000070daf429d300 44107       3       org.eclipse.ui.internal.commands.SlaveCommandService::getCommand (11 bytes)
Event: 5733,642 Thread 0x000070daf429d300 nmethod 44107 0x000070dae1413290 code [0x000070dae1413420, 0x000070dae14135e8]
Event: 5733,655 Thread 0x000070daf429d300 44108       3       org.eclipse.e4.ui.workbench.renderers.swt.HandledContributionItem$$Lambda/0x00000001006ff9a8::run (8 bytes)
Event: 5733,655 Thread 0x000070daf429d300 nmethod 44108 0x000070dae1477990 code [0x000070dae1477b40, 0x000070dae1477e38]
Event: 5733,655 Thread 0x000070daf429d300 44109       3       org.eclipse.e4.ui.workbench.renderers.swt.HandledContributionItem::lambda$2 (5 bytes)
Event: 5733,655 Thread 0x000070daf429d300 nmethod 44109 0x000070dae1433710 code [0x000070dae14338c0, 0x000070dae1433b48]
Event: 5733,727 Thread 0x000070daf429bc90 44110       4       org.eclipse.e4.ui.model.application.ui.basic.impl.WindowImpl::getWindows (28 bytes)
Event: 5733,727 Thread 0x000070daf429bc90 nmethod 44110 0x000070dae8f04810 code [0x000070dae8f04980, 0x000070dae8f04a30]
Event: 5734,975 Thread 0x000070daf429d300 44111       3       org.eclipse.swt.widgets.Button::windowProc (45 bytes)
Event: 5734,975 Thread 0x000070daf429d300 nmethod 44111 0x000070dae14e9510 code [0x000070dae14e96e0, 0x000070dae14e99f8]
Event: 5735,678 Thread 0x000070daf429bc90 44112       4       org.eclipse.swt.custom.StyledTextRenderer::reset (195 bytes)
Event: 5735,693 Thread 0x000070daf429bc90 nmethod 44112 0x000070dae97cc010 code [0x000070dae97cc260, 0x000070dae97cd090]

GC Heap History (20 events):
Event: 4946,568 GC heap before
{Heap before GC invocations=99 (full 0):
 garbage-first heap   total 356352K, used 285696K [0x0000000080000000, 0x0000000100000000)
  region size 1024K, 139 young (142336K), 18 survivors (18432K)
 Metaspace       used 154078K, committed 157440K, reserved 1245184K
  class space    used 17124K, committed 18496K, reserved 1048576K
}
Event: 4946,574 GC heap after
{Heap after GC invocations=100 (full 0):
 garbage-first heap   total 356352K, used 164600K [0x0000000080000000, 0x0000000100000000)
  region size 1024K, 18 young (18432K), 18 survivors (18432K)
 Metaspace       used 154078K, committed 157440K, reserved 1245184K
  class space    used 17124K, committed 18496K, reserved 1048576K
}
Event: 5150,470 GC heap before
{Heap before GC invocations=101 (full 0):
 garbage-first heap   total 356352K, used 276216K [0x0000000080000000, 0x0000000100000000)
  region size 1024K, 139 young (142336K), 18 survivors (18432K)
 Metaspace       used 154043K, committed 157440K, reserved 1245184K
  class space    used 17102K, committed 18496K, reserved 1048576K
}
Event: 5150,477 GC heap after
{Heap after GC invocations=102 (full 0):
 garbage-first heap   total 356352K, used 153133K [0x0000000080000000, 0x0000000100000000)
  region size 1024K, 18 young (18432K), 18 survivors (18432K)
 Metaspace       used 154043K, committed 157440K, reserved 1245184K
  class space    used 17102K, committed 18496K, reserved 1048576K
}
Event: 5153,635 GC heap before
{Heap before GC invocations=102 (full 0):
 garbage-first heap   total 356352K, used 287277K [0x0000000080000000, 0x0000000100000000)
  region size 1024K, 150 young (153600K), 18 survivors (18432K)
 Metaspace       used 158063K, committed 161408K, reserved 1245184K
  class space    used 17556K, committed 18944K, reserved 1048576K
}
Event: 5153,643 GC heap after
{Heap after GC invocations=103 (full 0):
 garbage-first heap   total 356352K, used 155553K [0x0000000080000000, 0x0000000100000000)
  region size 1024K, 19 young (19456K), 19 survivors (19456K)
 Metaspace       used 158063K, committed 161408K, reserved 1245184K
  class space    used 17556K, committed 18944K, reserved 1048576K
}
Event: 5153,986 GC heap before
{Heap before GC invocations=103 (full 0):
 garbage-first heap   total 356352K, used 289697K [0x0000000080000000, 0x0000000100000000)
  region size 1024K, 150 young (153600K), 19 survivors (19456K)
 Metaspace       used 158211K, committed 161536K, reserved 1245184K
  class space    used 17558K, committed 18944K, reserved 1048576K
}
Event: 5153,993 GC heap after
{Heap after GC invocations=104 (full 0):
 garbage-first heap   total 356352K, used 174839K [0x0000000080000000, 0x0000000100000000)
  region size 1024K, 19 young (19456K), 19 survivors (19456K)
 Metaspace       used 158211K, committed 161536K, reserved 1245184K
  class space    used 17558K, committed 18944K, reserved 1048576K
}
Event: 5154,333 GC heap before
{Heap before GC invocations=105 (full 0):
 garbage-first heap   total 356352K, used 295671K [0x0000000080000000, 0x0000000100000000)
  region size 1024K, 140 young (143360K), 19 survivors (19456K)
 Metaspace       used 158218K, committed 161536K, reserved 1245184K
  class space    used 17559K, committed 18944K, reserved 1048576K
}
Event: 5154,339 GC heap after
{Heap after GC invocations=106 (full 0):
 garbage-first heap   total 356352K, used 183031K [0x0000000080000000, 0x0000000100000000)
  region size 1024K, 12 young (12288K), 12 survivors (12288K)
 Metaspace       used 158218K, committed 161536K, reserved 1245184K
  class space    used 17559K, committed 18944K, reserved 1048576K
}
Event: 5204,307 GC heap before
{Heap before GC invocations=106 (full 0):
 garbage-first heap   total 356352K, used 305911K [0x0000000080000000, 0x0000000100000000)
  region size 1024K, 132 young (135168K), 12 survivors (12288K)
 Metaspace       used 158284K, committed 161600K, reserved 1245184K
  class space    used 17563K, committed 18944K, reserved 1048576K
}
Event: 5204,313 GC heap after
{Heap after GC invocations=107 (full 0):
 garbage-first heap   total 356352K, used 191730K [0x0000000080000000, 0x0000000100000000)
  region size 1024K, 15 young (15360K), 15 survivors (15360K)
 Metaspace       used 158284K, committed 161600K, reserved 1245184K
  class space    used 17563K, committed 18944K, reserved 1048576K
}
Event: 5206,657 GC heap before
{Heap before GC invocations=107 (full 0):
 garbage-first heap   total 356352K, used 255218K [0x0000000080000000, 0x0000000100000000)
  region size 1024K, 79 young (80896K), 15 survivors (15360K)
 Metaspace       used 158301K, committed 161664K, reserved 1245184K
  class space    used 17566K, committed 18944K, reserved 1048576K
}
Event: 5206,661 GC heap after
{Heap after GC invocations=108 (full 0):
 garbage-first heap   total 356352K, used 184263K [0x0000000080000000, 0x0000000100000000)
  region size 1024K, 6 young (6144K), 6 survivors (6144K)
 Metaspace       used 158301K, committed 161664K, reserved 1245184K
  class space    used 17566K, committed 18944K, reserved 1048576K
}
Event: 5238,291 GC heap before
{Heap before GC invocations=109 (full 0):
 garbage-first heap   total 362496K, used 344007K [0x0000000080000000, 0x0000000100000000)
  region size 1024K, 130 young (133120K), 6 survivors (6144K)
 Metaspace       used 158357K, committed 161664K, reserved 1245184K
  class space    used 17570K, committed 18944K, reserved 1048576K
}
Event: 5238,297 GC heap after
{Heap after GC invocations=110 (full 0):
 garbage-first heap   total 363520K, used 197504K [0x0000000080000000, 0x0000000100000000)
  region size 1024K, 17 young (17408K), 17 survivors (17408K)
 Metaspace       used 158357K, committed 161664K, reserved 1245184K
  class space    used 17570K, committed 18944K, reserved 1048576K
}
Event: 5403,660 GC heap before
{Heap before GC invocations=110 (full 0):
 garbage-first heap   total 363520K, used 319360K [0x0000000080000000, 0x0000000100000000)
  region size 1024K, 136 young (139264K), 17 survivors (17408K)
 Metaspace       used 158604K, committed 161920K, reserved 1245184K
  class space    used 17586K, committed 18944K, reserved 1048576K
}
Event: 5403,668 GC heap after
{Heap after GC invocations=111 (full 0):
 garbage-first heap   total 363520K, used 197620K [0x0000000080000000, 0x0000000100000000)
  region size 1024K, 17 young (17408K), 17 survivors (17408K)
 Metaspace       used 158604K, committed 161920K, reserved 1245184K
  class space    used 17586K, committed 18944K, reserved 1048576K
}
Event: 5733,531 GC heap before
{Heap before GC invocations=111 (full 0):
 garbage-first heap   total 363520K, used 319476K [0x0000000080000000, 0x0000000100000000)
  region size 1024K, 136 young (139264K), 17 survivors (17408K)
 Metaspace       used 158963K, committed 162304K, reserved 1245184K
  class space    used 17630K, committed 19008K, reserved 1048576K
}
Event: 5733,538 GC heap after
{Heap after GC invocations=112 (full 0):
 garbage-first heap   total 363520K, used 206297K [0x0000000080000000, 0x0000000100000000)
  region size 1024K, 17 young (17408K), 17 survivors (17408K)
 Metaspace       used 158963K, committed 162304K, reserved 1245184K
  class space    used 17630K, committed 19008K, reserved 1048576K
}

Dll operation events (17 events):
Event: 0,001 Loaded shared library /opt/eclipse/plugins/org.eclipse.justj.openjdk.hotspot.jre.full.linux.x86_64_21.0.4.v20240802-1551/jre/lib/libjava.so
Event: 0,004 Loaded shared library /opt/eclipse/plugins/org.eclipse.justj.openjdk.hotspot.jre.full.linux.x86_64_21.0.4.v20240802-1551/jre/lib/libzip.so
Event: 0,078 Loaded shared library /opt/eclipse/plugins/org.eclipse.justj.openjdk.hotspot.jre.full.linux.x86_64_21.0.4.v20240802-1551/jre/lib/libnio.so
Event: 0,083 Loaded shared library /opt/eclipse/plugins/org.eclipse.justj.openjdk.hotspot.jre.full.linux.x86_64_21.0.4.v20240802-1551/jre/lib/libzip.so
Event: 0,140 Loaded shared library /opt/eclipse/plugins/org.eclipse.justj.openjdk.hotspot.jre.full.linux.x86_64_21.0.4.v20240802-1551/jre/lib/libjimage.so
Event: 0,170 Loaded shared library /opt/eclipse/plugins/org.eclipse.equinox.launcher.gtk.linux.x86_64_1.2.1100.v20240722-2106/eclipse_11904.so
Event: 0,336 Loaded shared library /opt/eclipse/plugins/org.eclipse.justj.openjdk.hotspot.jre.full.linux.x86_64_21.0.4.v20240802-1551/jre/lib/libnet.so
Event: 1,074 Loaded shared library /opt/eclipse/plugins/org.eclipse.justj.openjdk.hotspot.jre.full.linux.x86_64_21.0.4.v20240802-1551/jre/lib/libverify.so
Event: 1,456 Loaded shared library /opt/eclipse/configuration/org.eclipse.osgi/419/0/.cp/libswt-gtk-4966r5.so
Event: 1,457 Loaded shared library /opt/eclipse/configuration/org.eclipse.osgi/419/0/.cp/libswt-pi3-gtk-4966r5.so
Event: 1,473 Loaded shared library /opt/eclipse/configuration/org.eclipse.osgi/419/0/.cp/libswt-cairo-gtk-4966r5.so
Event: 1,603 Loaded shared library /opt/eclipse/configuration/org.eclipse.osgi/106/0/.cp/os/linux/x86_64/libunixfile_1_0_0.so
Event: 2,339 Loaded shared library /opt/eclipse/configuration/org.eclipse.osgi/419/0/.cp/libswt-atk-gtk-4966r5.so
Event: 4,125 Loaded shared library /opt/eclipse/plugins/org.eclipse.justj.openjdk.hotspot.jre.full.linux.x86_64_21.0.4.v20240802-1551/jre/lib/libmanagement.so
Event: 4,126 Loaded shared library /opt/eclipse/plugins/org.eclipse.justj.openjdk.hotspot.jre.full.linux.x86_64_21.0.4.v20240802-1551/jre/lib/libmanagement_ext.so
Event: 4,590 Loaded shared library /opt/eclipse/plugins/org.eclipse.justj.openjdk.hotspot.jre.full.linux.x86_64_21.0.4.v20240802-1551/jre/lib/libextnet.so
Event: 2415,594 Loaded shared library /opt/eclipse/configuration/org.eclipse.osgi/419/0/.cp/libswt-webkit-gtk-4966r5.so

Deoptimization events (20 events):
Event: 5731,090 Thread 0x000070daf402caf0 DEOPT PACKING pc=0x000070dae1c6663e sp=0x000070daf87f4510
Event: 5731,090 Thread 0x000070daf402caf0 DEOPT UNPACKING pc=0x000070dae898b72f sp=0x000070daf87f39b8 mode 0
Event: 5731,093 Thread 0x000070daf402caf0 DEOPT PACKING pc=0x000070dae1c6663e sp=0x000070daf87f63d0
Event: 5731,093 Thread 0x000070daf402caf0 DEOPT UNPACKING pc=0x000070dae898b72f sp=0x000070daf87f5878 mode 0
Event: 5731,097 Thread 0x000070daf402caf0 DEOPT PACKING pc=0x000070dae1c6663e sp=0x000070daf87f5ca0
Event: 5731,097 Thread 0x000070daf402caf0 DEOPT UNPACKING pc=0x000070dae898b72f sp=0x000070daf87f5148 mode 0
Event: 5731,100 Thread 0x000070daf402caf0 DEOPT PACKING pc=0x000070dae1c6663e sp=0x000070daf87f63d0
Event: 5731,100 Thread 0x000070daf402caf0 DEOPT UNPACKING pc=0x000070dae898b72f sp=0x000070daf87f5878 mode 0
Event: 5731,104 Thread 0x000070daf402caf0 DEOPT PACKING pc=0x000070dae1c6663e sp=0x000070daf87f5ca0
Event: 5731,104 Thread 0x000070daf402caf0 DEOPT UNPACKING pc=0x000070dae898b72f sp=0x000070daf87f5148 mode 0
Event: 5733,349 Thread 0x000070daf402caf0 Uncommon trap: trap_request=0xffffffde fr.pc=0x000070dae9a9b1a4 relative=0x0000000000000644
Event: 5733,349 Thread 0x000070daf402caf0 Uncommon trap: reason=class_check action=maybe_recompile pc=0x000070dae9a9b1a4 method=org.eclipse.swt.graphics.TextStyle.equals(Ljava/lang/Object;)Z @ 14 c2
Event: 5733,349 Thread 0x000070daf402caf0 DEOPT PACKING pc=0x000070dae9a9b1a4 sp=0x000070daf87fcd60
Event: 5733,349 Thread 0x000070daf402caf0 DEOPT UNPACKING pc=0x000070dae898af99 sp=0x000070daf87fcd28 mode 2
Event: 5733,364 Thread 0x000070daf402caf0 DEOPT PACKING pc=0x000070dae1a8ee08 sp=0x000070daf87fb180
Event: 5733,364 Thread 0x000070daf402caf0 DEOPT UNPACKING pc=0x000070dae898b72f sp=0x000070daf87fa730 mode 0
Event: 5733,527 Thread 0x000070daf402caf0 Uncommon trap: trap_request=0xffffff6e fr.pc=0x000070dae9b57f70 relative=0x0000000000000530
Event: 5733,527 Thread 0x000070daf402caf0 Uncommon trap: reason=loop_limit_check action=maybe_recompile pc=0x000070dae9b57f70 method=org.eclipse.e4.ui.bindings.internal.BindingTableManager.getSequencesFor(Lorg/eclipse/e4/ui/bindings/internal/ContextSet;Lorg/eclipse/core/commands/ParameterizedComm
Event: 5733,527 Thread 0x000070daf402caf0 DEOPT PACKING pc=0x000070dae9b57f70 sp=0x000070daf87fae30
Event: 5733,527 Thread 0x000070daf402caf0 DEOPT UNPACKING pc=0x000070dae898af99 sp=0x000070daf87fae48 mode 2

Classes loaded (20 events):
Event: 5153,134 Loading class java/util/concurrent/CompletableFuture$DelayedExecutor
Event: 5153,134 Loading class java/util/concurrent/CompletableFuture$DelayedExecutor done
Event: 5153,134 Loading class java/util/concurrent/CompletableFuture$AsyncRun
Event: 5153,134 Loading class java/util/concurrent/CompletableFuture$AsyncRun done
Event: 5153,134 Loading class java/util/concurrent/CompletableFuture$TaskSubmitter
Event: 5153,134 Loading class java/util/concurrent/CompletableFuture$TaskSubmitter done
Event: 5153,134 Loading class java/util/concurrent/CompletableFuture$Delayer
Event: 5153,134 Loading class java/util/concurrent/CompletableFuture$Delayer done
Event: 5153,134 Loading class java/util/concurrent/CompletableFuture$Delayer$DaemonThreadFactory
Event: 5153,134 Loading class java/util/concurrent/CompletableFuture$Delayer$DaemonThreadFactory done
Event: 5153,173 Loading class java/util/TreeMap$KeySpliterator
Event: 5153,173 Loading class java/util/TreeMap$KeySpliterator done
Event: 5153,243 Loading class java/util/regex/Pattern$Bound
Event: 5153,243 Loading class java/util/regex/Pattern$Bound done
Event: 5153,273 Loading class java/util/regex/Pattern$LazyLoop
Event: 5153,273 Loading class java/util/regex/Pattern$LazyLoop done
Event: 5153,371 Loading class java/util/IllegalFormatConversionException
Event: 5153,371 Loading class java/util/IllegalFormatException
Event: 5153,371 Loading class java/util/IllegalFormatException done
Event: 5153,371 Loading class java/util/IllegalFormatConversionException done

Classes unloaded (20 events):
Event: 4946,642 Thread 0x000070daf4205080 Unloading class 0x000000010069c800 'java/lang/invoke/LambdaForm$MH+0x000000010069c800'
Event: 4946,642 Thread 0x000070daf4205080 Unloading class 0x00000001006be800 'java/lang/invoke/LambdaForm$MH+0x00000001006be800'
Event: 4946,642 Thread 0x000070daf4205080 Unloading class 0x000000010079a000 'java/lang/invoke/LambdaForm$MH+0x000000010079a000'
Event: 4946,642 Thread 0x000070daf4205080 Unloading class 0x00000001007ec000 'java/lang/invoke/LambdaForm$MH+0x00000001007ec000'
Event: 4946,642 Thread 0x000070daf4205080 Unloading class 0x00000001009e2800 'java/lang/invoke/LambdaForm$MH+0x00000001009e2800'
Event: 4946,642 Thread 0x000070daf4205080 Unloading class 0x0000000100a34000 'java/lang/invoke/LambdaForm$MH+0x0000000100a34000'
Event: 4946,642 Thread 0x000070daf4205080 Unloading class 0x0000000100c61000 'java/lang/invoke/LambdaForm$MH+0x0000000100c61000'
Event: 4946,642 Thread 0x000070daf4205080 Unloading class 0x0000000100d88000 'java/lang/invoke/LambdaForm$MH+0x0000000100d88000'
Event: 4946,642 Thread 0x000070daf4205080 Unloading class 0x0000000100d88800 'java/lang/invoke/LambdaForm$MH+0x0000000100d88800'
Event: 4946,642 Thread 0x000070daf4205080 Unloading class 0x0000000100e0dc00 'java/lang/invoke/LambdaForm$MH+0x0000000100e0dc00'
Event: 4946,642 Thread 0x000070daf4205080 Unloading class 0x0000000100e0fc00 'java/lang/invoke/LambdaForm$MH+0x0000000100e0fc00'
Event: 4946,642 Thread 0x000070daf4205080 Unloading class 0x0000000100e19000 'java/lang/invoke/LambdaForm$MH+0x0000000100e19000'
Event: 4946,642 Thread 0x000070daf4205080 Unloading class 0x0000000100e1a800 'java/lang/invoke/LambdaForm$MH+0x0000000100e1a800'
Event: 4946,642 Thread 0x000070daf4205080 Unloading class 0x0000000100e48800 'java/lang/invoke/LambdaForm$MH+0x0000000100e48800'
Event: 4946,642 Thread 0x000070daf4205080 Unloading class 0x000000010031c000 'java/lang/invoke/LambdaForm$MH+0x000000010031c000'
Event: 4946,642 Thread 0x000070daf4205080 Unloading class 0x000000010031c800 'java/lang/invoke/LambdaForm$MH+0x000000010031c800'
Event: 4946,642 Thread 0x000070daf4205080 Unloading class 0x000000010031d400 'java/lang/invoke/LambdaForm$MH+0x000000010031d400'
Event: 4946,642 Thread 0x000070daf4205080 Unloading class 0x0000000100222800 'java/lang/invoke/LambdaForm$MH+0x0000000100222800'
Event: 4946,642 Thread 0x000070daf4205080 Unloading class 0x0000000100186000 'java/lang/invoke/LambdaForm$MH+0x0000000100186000'
Event: 4946,642 Thread 0x000070daf4205080 Unloading class 0x0000000100125400 'java/lang/invoke/LambdaForm$MH+0x0000000100125400'

Classes redefined (0 events):
No events

Internal exceptions (20 events):
Event: 5206,720 Thread 0x000056f306cff1a0 Exception <a 'sun/nio/fs/UnixException'{0x00000000ff9068e0}> (0x00000000ff9068e0) 
thrown [src/hotspot/share/prims/jni.cpp, line 520]
Event: 5206,859 Thread 0x000070d990006230 Exception <a 'sun/nio/fs/UnixException'{0x00000000ff209d08}> (0x00000000ff209d08) 
thrown [src/hotspot/share/prims/jni.cpp, line 520]
Event: 5206,859 Thread 0x000070d990006230 Exception <a 'sun/nio/fs/UnixException'{0x00000000ff20ad40}> (0x00000000ff20ad40) 
thrown [src/hotspot/share/prims/jni.cpp, line 520]
Event: 5206,859 Thread 0x000070d990006230 Exception <a 'sun/nio/fs/UnixException'{0x00000000ff20b508}> (0x00000000ff20b508) 
thrown [src/hotspot/share/prims/jni.cpp, line 520]
Event: 5206,860 Thread 0x000070d990006230 Exception <a 'sun/nio/fs/UnixException'{0x00000000ff20c930}> (0x00000000ff20c930) 
thrown [src/hotspot/share/prims/jni.cpp, line 520]
Event: 5206,860 Thread 0x000070d990006230 Exception <a 'sun/nio/fs/UnixException'{0x00000000ff20d1c0}> (0x00000000ff20d1c0) 
thrown [src/hotspot/share/prims/jni.cpp, line 520]
Event: 5448,850 Thread 0x000070d96c002540 Exception <a 'sun/nio/fs/UnixException'{0x000000009d003bb8}> (0x000000009d003bb8) 
thrown [src/hotspot/share/prims/jni.cpp, line 520]
Event: 5506,506 Thread 0x000070d96c002540 Exception <a 'java/lang/NoSuchMethodError'{0x0000000093ad1e30}: static Lorg/eclipse/m2e/core/internal/lifecyclemapping/model/PluginExecutionMetadata;.<clinit>()V> (0x0000000093ad1e30) 
thrown [src/hotspot/share/prims/jni.cpp, line 1111]
Event: 5506,507 Thread 0x000070d96c002540 Exception <a 'java/lang/NoSuchMethodError'{0x0000000093aea660}: static Lorg/eclipse/m2e/core/internal/lifecyclemapping/model/PluginExecutionFilter;.<clinit>()V> (0x0000000093aea660) 
thrown [src/hotspot/share/prims/jni.cpp, line 1111]
Event: 5506,508 Thread 0x000070d96c002540 Exception <a 'java/lang/NoSuchMethodError'{0x0000000093afd810}: static Lorg/eclipse/m2e/core/internal/project/registry/MavenProjectFacade$MavenProjectConfiguration;.<clinit>()V> (0x0000000093afd810) 
thrown [src/hotspot/share/prims/jni.cpp, line 1111]
Event: 5506,509 Thread 0x000070d96c002540 Exception <a 'java/lang/NoSuchMethodError'{0x000000009390fd88}: static [J.<clinit>()V> (0x000000009390fd88) 
thrown [src/hotspot/share/prims/jni.cpp, line 1111]
Event: 5730,818 Thread 0x000070daf402caf0 Exception <a 'java/lang/OutOfMemoryError'{0x000000008fdf9200}: unable to create native thread: possibly out of memory or process/resource limits reached> (0x000000008fdf9200) 
thrown [src/hotspot/share/prims/jvm.cpp, line 3012]
Event: 5730,818 Thread 0x000070daf402caf0 Exception <a 'java/lang/OutOfMemoryError'{0x000000008fdf9200}> (0x000000008fdf9200) 
thrown [src/hotspot/share/prims/jni.cpp, line 520]
Event: 5730,860 Thread 0x000070daf402caf0 Exception <a 'java/lang/OutOfMemoryError'{0x000000008fdf9200}> (0x000000008fdf9200) 
thrown [src/hotspot/share/prims/jni.cpp, line 520]
Event: 5730,863 Thread 0x000070daf402caf0 Exception <a 'java/lang/NoSuchMethodError'{0x000000008fca41b0}: 'java.lang.Object java.lang.invoke.DirectMethodHandle$Holder.newInvokeSpecial(java.lang.Object, java.lang.Object, int, java.lang.Object, int)'> (0x000000008fca41b0) 
thrown [src/hotspot/share/interpreter/linkResolver.cpp, line 772]
Event: 5730,863 Thread 0x000070daf402caf0 Exception <a 'java/lang/NoSuchMethodError'{0x000000008fca8240}: 'java.lang.Object java.lang.invoke.DirectMethodHandle$Holder.invokeSpecial(java.lang.Object, java.lang.Object, java.lang.Object, int, java.lang.Object, int)'> (0x000000008fca8240) 
thrown [src/hotspot/share/interpreter/linkResolver.cpp, line 772]
Event: 5730,863 Thread 0x000070daf402caf0 Exception <a 'java/lang/NoSuchMethodError'{0x000000008fcabbc0}: 'java.lang.Object java.lang.invoke.Invokers$Holder.linkToTargetMethod(java.lang.Object, int, java.lang.Object, int, java.lang.Object)'> (0x000000008fcabbc0) 
thrown [src/hotspot/share/interpreter/linkResolver.cpp, line 772]
Event: 5733,249 Thread 0x000070daf402caf0 Exception <a 'java/lang/OutOfMemoryError'{0x000000008eec6728}: unable to create native thread: possibly out of memory or process/resource limits reached> (0x000000008eec6728) 
thrown [src/hotspot/share/prims/jvm.cpp, line 3012]
Event: 5733,249 Thread 0x000070daf402caf0 Exception <a 'java/lang/OutOfMemoryError'{0x000000008eec6728}> (0x000000008eec6728) 
thrown [src/hotspot/share/prims/jni.cpp, line 520]
Event: 5733,257 Thread 0x000070daf402caf0 Exception <a 'java/lang/OutOfMemoryError'{0x000000008eec6728}> (0x000000008eec6728) 
thrown [src/hotspot/share/prims/jni.cpp, line 520]

ZGC Phase Switch (0 events):
No events

VM Operations (20 events):
Event: 5650,529 Executing VM operation: Cleanup
Event: 5650,529 Executing VM operation: Cleanup done
Event: 5653,530 Executing VM operation: Cleanup
Event: 5653,530 Executing VM operation: Cleanup done
Event: 5702,549 Executing VM operation: HandshakeAllThreads (HandshakeForDeflation)
Event: 5702,549 Executing VM operation: HandshakeAllThreads (HandshakeForDeflation) done
Event: 5702,549 Executing VM operation: RendezvousGCThreads
Event: 5702,549 Executing VM operation: RendezvousGCThreads done
Event: 5704,549 Executing VM operation: Cleanup
Event: 5704,549 Executing VM operation: Cleanup done
Event: 5722,551 Executing VM operation: Cleanup
Event: 5722,551 Executing VM operation: Cleanup done
Event: 5731,551 Executing VM operation: Cleanup
Event: 5731,551 Executing VM operation: Cleanup done
Event: 5733,531 Executing VM operation: G1CollectForAllocation (G1 Evacuation Pause)
Event: 5733,538 Executing VM operation: G1CollectForAllocation (G1 Evacuation Pause) done
Event: 5733,605 Executing VM operation: G1PauseRemark
Event: 5733,610 Executing VM operation: G1PauseRemark done
Event: 5733,666 Executing VM operation: G1PauseCleanup
Event: 5733,666 Executing VM operation: G1PauseCleanup done

Memory protections (20 events):
Event: 5282,008 Protecting memory [0x000070dabc000000,0x000070dabc004000] with protection modes 0
Event: 5342,008 Protecting memory [0x000070daaca00000,0x000070daaca04000] with protection modes 0
Event: 5342,008 Protecting memory [0x000070dabf900000,0x000070dabf904000] with protection modes 0
Event: 5402,008 Protecting memory [0x000070daaca00000,0x000070daaca04000] with protection modes 0
Event: 5402,008 Protecting memory [0x000070dac8000000,0x000070dac8004000] with protection modes 0
Event: 5403,634 Protecting memory [0x000070dabf900000,0x000070dabf904000] with protection modes 0
Event: 5462,008 Protecting memory [0x000070dac8000000,0x000070dac8004000] with protection modes 0
Event: 5462,008 Protecting memory [0x000070daaca00000,0x000070daaca04000] with protection modes 0
Event: 5506,486 Protecting memory [0x000070daaca00000,0x000070daaca04000] with protection modes 0
Event: 5506,486 Protecting memory [0x000070dabf900000,0x000070dabf904000] with protection modes 0
Event: 5506,488 Protecting memory [0x000070dabc000000,0x000070dabc004000] with protection modes 0
Event: 5522,008 Protecting memory [0x000070dac8000000,0x000070dac8004000] with protection modes 0
Event: 5522,008 Protecting memory [0x000070daaca00000,0x000070daaca04000] with protection modes 0
Event: 5582,008 Protecting memory [0x000070daaca00000,0x000070daaca04000] with protection modes 0
Event: 5582,008 Protecting memory [0x000070dac8000000,0x000070dac8004000] with protection modes 0
Event: 5642,008 Protecting memory [0x000070daaca00000,0x000070daaca04000] with protection modes 0
Event: 5642,008 Protecting memory [0x000070dac8000000,0x000070dac8004000] with protection modes 0
Event: 5702,008 Protecting memory [0x000070daacd00000,0x000070daacd04000] with protection modes 0
Event: 5702,008 Protecting memory [0x000070dac8000000,0x000070dac8004000] with protection modes 0
Event: 5703,654 Protecting memory [0x000070dabf900000,0x000070dabf904000] with protection modes 0

Nmethod flushes (20 events):
Event: 5733,610 Thread 0x000070daf4205080 flushing  nmethod 0x000070dae9a80e10
Event: 5733,610 Thread 0x000070daf4205080 flushing  nmethod 0x000070dae9a81290
Event: 5733,610 Thread 0x000070daf4205080 flushing  nmethod 0x000070dae9b21f90
Event: 5733,610 Thread 0x000070daf4205080 flushing  nmethod 0x000070dae9b23790
Event: 5733,610 Thread 0x000070daf4205080 flushing  nmethod 0x000070dae9bf3810
Event: 5733,610 Thread 0x000070daf4205080 flushing  nmethod 0x000070dae9f30310
Event: 5733,610 Thread 0x000070daf4205080 flushing  nmethod 0x000070dae9f35f10
Event: 5733,610 Thread 0x000070daf4205080 flushing  nmethod 0x000070daea08d690
Event: 5733,610 Thread 0x000070daf4205080 flushing  nmethod 0x000070daea0dd490
Event: 5733,610 Thread 0x000070daf4205080 flushing  nmethod 0x000070dae14ff590
Event: 5733,610 Thread 0x000070daf4205080 flushing  nmethod 0x000070dae1546e90
Event: 5733,610 Thread 0x000070daf4205080 flushing  nmethod 0x000070dae1549710
Event: 5733,610 Thread 0x000070daf4205080 flushing  nmethod 0x000070dae154bd90
Event: 5733,610 Thread 0x000070daf4205080 flushing  nmethod 0x000070dae1588890
Event: 5733,610 Thread 0x000070daf4205080 flushing  nmethod 0x000070dae1595390
Event: 5733,610 Thread 0x000070daf4205080 flushing  nmethod 0x000070dae1662d10
Event: 5733,610 Thread 0x000070daf4205080 flushing  nmethod 0x000070dae17bcc90
Event: 5733,610 Thread 0x000070daf4205080 flushing  nmethod 0x000070dae188c410
Event: 5733,610 Thread 0x000070daf4205080 flushing  nmethod 0x000070dae18fc590
Event: 5733,610 Thread 0x000070daf4205080 flushing  nmethod 0x000070dae18fcb90

Events (20 events):
Event: 5511,630 Thread 0x000070da8c459260 Thread exited: 0x000070da8c459260
Event: 5516,629 Thread 0x000070da8d0ab6f0 Thread exited: 0x000070da8d0ab6f0
Event: 5522,007 Thread 0x000070d998026d50 Thread exited: 0x000070d998026d50
Event: 5522,008 Thread 0x000070d9a8001150 Thread added: 0x000070d998026d50
Event: 5522,008 Thread 0x000070d9a8001150 Thread added: 0x000070d99800f700
Event: 5552,007 Thread 0x000070d998026d50 Thread exited: 0x000070d998026d50
Event: 5582,007 Thread 0x000070d99800f700 Thread exited: 0x000070d99800f700
Event: 5582,008 Thread 0x000070d9a8001150 Thread added: 0x000070d998026d50
Event: 5582,008 Thread 0x000070d9a8001150 Thread added: 0x000070d99800f700
Event: 5612,008 Thread 0x000070d99800f700 Thread exited: 0x000070d99800f700
Event: 5642,007 Thread 0x000070d998026d50 Thread exited: 0x000070d998026d50
Event: 5642,008 Thread 0x000070d9a8001150 Thread added: 0x000070d998026d50
Event: 5642,008 Thread 0x000070d9a8001150 Thread added: 0x000070d99800f700
Event: 5672,007 Thread 0x000070d99800f700 Thread exited: 0x000070d99800f700
Event: 5702,007 Thread 0x000070d9a8001150 Thread exited: 0x000070d9a8001150
Event: 5702,008 Thread 0x000070d998026d50 Thread added: 0x000070da6c26fde0
Event: 5702,008 Thread 0x000070d998026d50 Thread added: 0x000070da6c061420
Event: 5703,654 Thread 0x000070daf429bc90 Thread added: 0x000070da8d0ab6f0
Event: 5708,674 Thread 0x000070da8d0ab6f0 Thread exited: 0x000070da8d0ab6f0
Event: 5732,007 Thread 0x000070da6c061420 Thread exited: 0x000070da6c061420


Dynamic libraries:
41f38000-41fe4000 rw-p 00000000 00:00 0 
80000000-94800000 rw-p 00000000 00:00 0 
94800000-9ce00000 ---p 00000000 00:00 0 
9ce00000-9d100000 rw-p 00000000 00:00 0 
9d100000-fe800000 ---p 00000000 00:00 0 
fe800000-100010000 rw-p 00000000 00:00 0 
100010000-100030000 rw-p 00000000 00:00 0 
100030000-1000b0000 rw-p 00000000 00:00 0 
1000b0000-1000d0000 rw-p 00000000 00:00 0 
1000d0000-100130000 rw-p 00000000 00:00 0 
100130000-100170000 rw-p 00000000 00:00 0 
100170000-1001b0000 rw-p 00000000 00:00 0 
1001b0000-1001f0000 rw-p 00000000 00:00 0 
1001f0000-1003b0000 rw-p 00000000 00:00 0 
1003b0000-1003f0000 rw-p 00000000 00:00 0 
1003f0000-100770000 rw-p 00000000 00:00 0 
100770000-100a30000 rw-p 00000000 00:00 0 
100a30000-100a70000 rw-p 00000000 00:00 0 
100a70000-100b30000 rw-p 00000000 00:00 0 
100b30000-100b70000 rw-p 00000000 00:00 0 
100b70000-101150000 rw-p 00000000 00:00 0 
101150000-101170000 rw-p 00000000 00:00 0 
101170000-101180000 ---p 00000000 00:00 0 
101180000-1012a0000 rw-p 00000000 00:00 0 
1012a0000-140000000 ---p 00000000 00:00 0 
56f3055c9000-56f3055ca000 r-xp 00000000 08:23 23724961                   /opt/eclipse/plugins/org.eclipse.justj.openjdk.hotspot.jre.full.linux.x86_64_21.0.4.v20240802-1551/jre/bin/java
56f3055cb000-56f3055cc000 r--p 00001000 08:23 23724961                   /opt/eclipse/plugins/org.eclipse.justj.openjdk.hotspot.jre.full.linux.x86_64_21.0.4.v20240802-1551/jre/bin/java
56f3055cc000-56f3055cd000 rw-p 00002000 08:23 23724961                   /opt/eclipse/plugins/org.eclipse.justj.openjdk.hotspot.jre.full.linux.x86_64_21.0.4.v20240802-1551/jre/bin/java
56f306cfb000-56f307228000 rw-p 00000000 00:00 0                          [heap]
70c000000000-70cfd51c0000 rw-p 00000000 00:00 0 
70cfd51c0000-70d000000000 ---p 00000000 00:00 0 
70d800000000-70d900000000 rw-p 00000000 00:00 0 
70d90f000000-70d90f7b0000 rw-p 00000000 00:00 0 
70d90f7b0000-70d90f7e0000 rw-p 00000000 00:00 0 
70d90f7e0000-70d90f800000 ---p 00000000 00:00 0 
70d90f800000-70d90fc10000 rw-p 00000000 00:00 0 
70d90fc10000-70d913000000 ---p 00000000 00:00 0 
70d913000000-70d91300c000 rwxp 00000000 00:00 0 
70d91300c000-70d913030000 rwxp 00000000 00:00 0 
70d913030000-70d953002000 rwxp 00000000 00:00 0 
70d953200000-70d953228000 rw-p 00000000 00:00 0 
70d953228000-70d95322c000 rw-p 00000000 00:00 0 
70d95322c000-70d95b200000 rw-p 00000000 00:00 0 
70d95b200000-70d95b82b000 r--p 00000000 08:21 20712310                   /usr/lib/x86_64-linux-gnu/libwebkit2gtk-4.1.so.0.16.3
70d95b82b000-70d95ec98000 r-xp 0062b000 08:21 20712310                   /usr/lib/x86_64-linux-gnu/libwebkit2gtk-4.1.so.0.16.3
70d95ec98000-70d95fb3c000 r--p 03a98000 08:21 20712310                   /usr/lib/x86_64-linux-gnu/libwebkit2gtk-4.1.so.0.16.3
70d95fb3c000-70d95fd7c000 r--p 0493b000 08:21 20712310                   /usr/lib/x86_64-linux-gnu/libwebkit2gtk-4.1.so.0.16.3
70d95fd7c000-70d95fdda000 rw-p 04b7b000 08:21 20712310                   /usr/lib/x86_64-linux-gnu/libwebkit2gtk-4.1.so.0.16.3
70d95fdda000-70d95fe90000 rw-p 00000000 00:00 0 
70d960000000-70d96197d000 rw-p 00000000 00:00 0 
70d96197d000-70d964000000 ---p 00000000 00:00 0 
70d968000000-70d96802a000 rw-p 00000000 00:00 0 
70d96802a000-70d96c000000 ---p 00000000 00:00 0 
70d96c000000-70d96c52f000 rw-p 00000000 00:00 0 
70d96c52f000-70d970000000 ---p 00000000 00:00 0 
70d974000000-70d9744ba000 rw-p 00000000 00:00 0 
70d9744ba000-70d978000000 ---p 00000000 00:00 0 
70d978000000-70d9782b5000 rw-p 00000000 00:00 0 
70d9782b5000-70d97c000000 ---p 00000000 00:00 0 
70d980000000-70d98136f000 rw-p 00000000 00:00 0 
70d98136f000-70d984000000 ---p 00000000 00:00 0 
70d984000000-70d9841c5000 rw-p 00000000 00:00 0 
70d9841c5000-70d988000000 ---p 00000000 00:00 0 
70d98c000000-70d98dc8e000 rw-p 00000000 00:00 0 
70d98dc8e000-70d990000000 ---p 00000000 00:00 0 
70d990000000-70d991289000 rw-p 00000000 00:00 0 
70d991289000-70d994000000 ---p 00000000 00:00 0 
70d998000000-70d99807c000 rw-p 00000000 00:00 0 
70d99807c000-70d99c000000 ---p 00000000 00:00 0 
70d99c000000-70d99cd12000 rw-p 00000000 00:00 0 
70d99cd12000-70d9a0000000 ---p 00000000 00:00 0 
70d9a4000000-70d9a4ca8000 rw-p 00000000 00:00 0 
70d9a4ca8000-70d9a8000000 ---p 00000000 00:00 0 
70d9a8000000-70d9a8933000 rw-p 00000000 00:00 0 
70d9a8933000-70d9ac000000 ---p 00000000 00:00 0 
70d9b0000000-70d9b0574000 rw-p 00000000 00:00 0 
70d9b0574000-70d9b4000000 ---p 00000000 00:00 0 
70d9b4000000-70d9b47fc000 rw-p 00000000 00:00 0 
70d9b47fc000-70d9b8000000 ---p 00000000 00:00 0 
70d9bc000000-70d9bc508000 rw-p 00000000 00:00 0 
70d9bc508000-70d9c0000000 ---p 00000000 00:00 0 
70d9c0000000-70d9c04f0000 rw-p 00000000 00:00 0 
70d9c04f0000-70d9c05f0000 rw-p 00000000 00:00 0 
70d9c05f0000-70d9c08f0000 rw-p 00000000 00:00 0 
70d9c08f0000-70d9c09f0000 rw-p 00000000 00:00 0 
70d9c09f0000-70d9c0bb0000 rw-p 00000000 00:00 0 
70d9c0bb0000-70d9c0bf0000 rw-p 00000000 00:00 0 
70d9c0bf0000-70d9c0cf0000 rw-p 00000000 00:00 0 
70d9c0cf0000-70d9c0df0000 rw-p 00000000 00:00 0 
70d9c0df0000-70d9c0fb0000 rw-p 00000000 00:00 0 
70d9c0fb0000-70d9c0ff0000 rw-p 00000000 00:00 0 
70d9c0ff0000-70d9c10f0000 rw-p 00000000 00:00 0 
70d9c10f0000-70d9c11f0000 rw-p 00000000 00:00 0 
70d9c11f0000-70d9c22f0000 rw-p 00000000 00:00 0 
70d9c22f0000-70d9c23f0000 rw-p 00000000 00:00 0 
70d9c23f0000-70d9c2af0000 rw-p 00000000 00:00 0 
70d9c2af0000-70d9c2bf0000 rw-p 00000000 00:00 0 
70d9c2bf0000-70d9c3ff0000 rw-p 00000000 00:00 0 
70d9c3ff0000-70d9c41eb000 rw-p 00000000 00:00 0 
70d9c41eb000-70d9c8000000 ---p 00000000 00:00 0 
70d9cc000000-70d9cdfd0000 rw-p 00000000 00:00 0 
70d9cdfd0000-70d9d0000000 ---p 00000000 00:00 0 
70d9d0000000-70d9d165c000 rw-p 00000000 00:00 0 
70d9d165c000-70d9d4000000 ---p 00000000 00:00 0 
70d9d8000000-70d9d85b0000 rw-p 00000000 00:00 0 
70d9d85b0000-70d9dc000000 ---p 00000000 00:00 0 
70d9dc000000-70d9dc059000 rw-p 00000000 00:00 0 
70d9dc059000-70d9e0000000 ---p 00000000 00:00 0 
70d9e4000000-70d9e4137000 rw-p 00000000 00:00 0 
70d9e4137000-70d9e8000000 ---p 00000000 00:00 0 
70d9e8000000-70d9e8397000 rw-p 00000000 00:00 0 
70d9e8397000-70d9ec000000 ---p 00000000 00:00 0 
70d9f0000000-70d9f0174000 rw-p 00000000 00:00 0 
70d9f0174000-70d9f4000000 ---p 00000000 00:00 0 
70d9f4000000-70d9f42af000 rw-p 00000000 00:00 0 
70d9f42af000-70d9f8000000 ---p 00000000 00:00 0 
70d9fc000000-70d9fc0d0000 rw-p 00000000 00:00 0 
70d9fc0d0000-70da00000000 ---p 00000000 00:00 0 
70da00000000-70da00efa000 rw-p 00000000 00:00 0 
70da00efa000-70da04000000 ---p 00000000 00:00 0 
70da08000000-70da0826d000 rw-p 00000000 00:00 0 
70da0826d000-70da0c000000 ---p 00000000 00:00 0 
70da0c000000-70da0c021000 rw-p 00000000 00:00 0 
70da0c021000-70da10000000 ---p 00000000 00:00 0 
70da14000000-70da1496b000 rw-p 00000000 00:00 0 
70da1496b000-70da18000000 ---p 00000000 00:00 0 
70da18000000-70da18066000 rw-p 00000000 00:00 0 
70da18066000-70da1c000000 ---p 00000000 00:00 0 
70da20000000-70da20034000 rw-p 00000000 00:00 0 
70da20034000-70da24000000 ---p 00000000 00:00 0 
70da24000000-70da24026000 rw-p 00000000 00:00 0 
70da24026000-70da28000000 ---p 00000000 00:00 0 
70da2c000000-70da2c140000 rw-p 00000000 00:00 0 
70da2c140000-70da30000000 ---p 00000000 00:00 0 
70da30000000-70da306ce000 rw-p 00000000 00:00 0 
70da306ce000-70da34000000 ---p 00000000 00:00 0 
70da38000000-70da3865b000 rw-p 00000000 00:00 0 
70da3865b000-70da3c000000 ---p 00000000 00:00 0 
70da3c000000-70da3c0db000 rw-p 00000000 00:00 0 
70da3c0db000-70da40000000 ---p 00000000 00:00 0 
70da44000000-70da4404a000 rw-p 00000000 00:00 0 
70da4404a000-70da48000000 ---p 00000000 00:00 0 
70da48000000-70da48a1e000 rw-p 00000000 00:00 0 
70da48a1e000-70da4c000000 ---p 00000000 00:00 0 
70da50000000-70da5169c000 rw-p 00000000 00:00 0 
70da5169c000-70da54000000 ---p 00000000 00:00 0 
70da54000000-70da540ce000 rw-p 00000000 00:00 0 
70da540ce000-70da58000000 ---p 00000000 00:00 0 
70da5ac00000-70da5ac01000 ---p 00000000 00:00 0 
70da5ac01000-70da5b401000 rw-p 00000000 00:00 0 
70da5b600000-70da5b601000 ---p 00000000 00:00 0 
70da5b601000-70da5be01000 rw-p 00000000 00:00 0 
70da5c000000-70da5c030000 rw-p 00000000 00:00 0 
70da5c030000-70da60000000 ---p 00000000 00:00 0 
70da60000000-70da6037f000 rw-p 00000000 00:00 0 
70da6037f000-70da64000000 ---p 00000000 00:00 0 
70da64200000-70da64201000 ---p 00000000 00:00 0 
70da64201000-70da64a01000 rw-p 00000000 00:00 0 
70da64c00000-70da64c01000 ---p 00000000 00:00 0 
70da64c01000-70da65401000 rw-p 00000000 00:00 0 
70da65600000-70da65601000 ---p 00000000 00:00 0 
70da65601000-70da65e01000 rw-p 00000000 00:00 0 
70da66000000-70da66020000 rw-p 00000000 00:00 0 
70da66020000-70da66024000 rw-p 00000000 00:00 0 
70da66024000-70da66082000 rw-p 00000000 00:00 0 
70da66082000-70da66085000 rw-p 00000000 00:00 0 
70da66085000-70da660a0000 rw-p 00000000 00:00 0 
70da660a0000-70da660a1000 rw-p 00000000 00:00 0 
70da660a1000-70da661a0000 rw-p 00000000 00:00 0 
70da661a0000-70da66406000 rw-p 00000000 00:00 0 
70da66406000-70da66800000 rw-p 00000000 00:00 0 
70da66800000-70da67019000 rw-p 00000000 00:00 0 
70da67019000-70da6701e000 rw-p 00000000 00:00 0 
70da6701e000-70da67032000 rw-p 00000000 00:00 0 
70da67032000-70da670f4000 rw-p 00000000 00:00 0 
70da670f4000-70da68000000 rw-p 00000000 00:00 0 
70da68000000-70da687bd000 rw-p 00000000 00:00 0 
70da687bd000-70da6c000000 ---p 00000000 00:00 0 
70da6c000000-70da6db68000 rw-p 00000000 00:00 0 
70da6db68000-70da70000000 ---p 00000000 00:00 0 
70da70400000-70da70401000 ---p 00000000 00:00 0 
70da70401000-70da70c01000 rw-p 00000000 00:00 0 
70da70e00000-70da70e1f000 r-xp 00000000 08:21 20711659                   /usr/lib/x86_64-linux-gnu/libnvidia-allocator.so.535.183.01
70da70e1f000-70da7101e000 ---p 0001f000 08:21 20711659                   /usr/lib/x86_64-linux-gnu/libnvidia-allocator.so.535.183.01
70da7101e000-70da71026000 r--p 0001e000 08:21 20711659                   /usr/lib/x86_64-linux-gnu/libnvidia-allocator.so.535.183.01
70da71026000-70da71027000 rw-p 00026000 08:21 20711659                   /usr/lib/x86_64-linux-gnu/libnvidia-allocator.so.535.183.01
70da71027000-70da71028000 rw-p 00000000 00:00 0 
70da71400000-70da7343a000 r-xp 00000000 08:21 20724722                   /usr/lib/x86_64-linux-gnu/libnvidia-glvkspirv.so.535.183.01
70da7343a000-70da7363a000 ---p 0203a000 08:21 20724722                   /usr/lib/x86_64-linux-gnu/libnvidia-glvkspirv.so.535.183.01
70da7363a000-70da73c56000 r--p 0203a000 08:21 20724722                   /usr/lib/x86_64-linux-gnu/libnvidia-glvkspirv.so.535.183.01
70da73c56000-70da73ce5000 rw-p 02656000 08:21 20724722                   /usr/lib/x86_64-linux-gnu/libnvidia-glvkspirv.so.535.183.01
70da73ce5000-70da73d38000 rw-p 00000000 00:00 0 
70da74000000-70da747d1000 rw-p 00000000 00:00 0 
70da747d1000-70da78000000 ---p 00000000 00:00 0 
70da78000000-70da7917f000 rw-p 00000000 00:00 0 
70da7917f000-70da7c000000 ---p 00000000 00:00 0 
70da7c200000-70da7c4ca000 r--p 00000000 08:21 20711951                   /usr/lib/x86_64-linux-gnu/libnvidia-eglcore.so.535.183.01
70da7c4ca000-70da7db1b000 r-xp 002ca000 08:21 20711951                   /usr/lib/x86_64-linux-gnu/libnvidia-eglcore.so.535.183.01
70da7db1b000-70da7e9b3000 r--p 0191b000 08:21 20711951                   /usr/lib/x86_64-linux-gnu/libnvidia-eglcore.so.535.183.01
70da7e9b3000-70da7eb87000 r--p 027b2000 08:21 20711951                   /usr/lib/x86_64-linux-gnu/libnvidia-eglcore.so.535.183.01
70da7eb87000-70da7ebe1000 rw-p 02986000 08:21 20711951                   /usr/lib/x86_64-linux-gnu/libnvidia-eglcore.so.535.183.01
70da7ebe1000-70da7ec15000 rw-p 00000000 00:00 0 
70da7ee00000-70da7ee04000 r-xp 00000000 08:21 20711941                   /usr/lib/x86_64-linux-gnu/libnvidia-egl-gbm.so.1.1.0
70da7ee04000-70da7f004000 ---p 00004000 08:21 20711941                   /usr/lib/x86_64-linux-gnu/libnvidia-egl-gbm.so.1.1.0
70da7f004000-70da7f005000 r--p 00004000 08:21 20711941                   /usr/lib/x86_64-linux-gnu/libnvidia-egl-gbm.so.1.1.0
70da7f005000-70da7f006000 rw-p 00005000 08:21 20711941                   /usr/lib/x86_64-linux-gnu/libnvidia-egl-gbm.so.1.1.0
70da7f400000-70da7f475000 r-xp 00000000 08:21 20711953                   /usr/lib/x86_64-linux-gnu/libnvidia-glsi.so.535.183.01
70da7f475000-70da7f675000 ---p 00075000 08:21 20711953                   /usr/lib/x86_64-linux-gnu/libnvidia-glsi.so.535.183.01
70da7f675000-70da7f69f000 r--p 00075000 08:21 20711953                   /usr/lib/x86_64-linux-gnu/libnvidia-glsi.so.535.183.01
70da7f69f000-70da7f6a0000 rw-p 0009f000 08:21 20711953                   /usr/lib/x86_64-linux-gnu/libnvidia-glsi.so.535.183.01
70da7f6a0000-70da7f6a8000 rw-p 00000000 00:00 0 
70da7fa00000-70da7fae3000 r-xp 00000000 08:21 20711907                   /usr/lib/x86_64-linux-gnu/libEGL_nvidia.so.535.183.01
70da7fae3000-70da7fce3000 ---p 000e3000 08:21 20711907                   /usr/lib/x86_64-linux-gnu/libEGL_nvidia.so.535.183.01
70da7fce3000-70da7fd31000 r--p 000e3000 08:21 20711907                   /usr/lib/x86_64-linux-gnu/libEGL_nvidia.so.535.183.01
70da7fd31000-70da7fd47000 rw-p 00131000 08:21 20711907                   /usr/lib/x86_64-linux-gnu/libEGL_nvidia.so.535.183.01
70da7fd47000-70da7fd4c000 rw-p 00000000 00:00 0 
70da80000000-70da8166a000 rw-p 00000000 00:00 0 
70da8166a000-70da84000000 ---p 00000000 00:00 0 
70da84000000-70da85690000 rw-p 00000000 00:00 0 
70da85690000-70da88000000 ---p 00000000 00:00 0 
70da88200000-70da88201000 rw-p 00000000 00:00 0 
70da88201000-70da88208000 rw-p 00000000 00:00 0 
70da88208000-70da89080000 rw-p 00000000 00:00 0 
70da89080000-70da89084000 rw-p 00000000 00:00 0 
70da89084000-70da8908c000 rw-p 00000000 00:00 0 
70da8908c000-70da89090000 rw-p 00000000 00:00 0 
70da89090000-70da890b0000 rw-p 00000000 00:00 0 
70da890b0000-70da890b4000 rw-p 00000000 00:00 0 
70da890b4000-70da890b8000 rw-p 00000000 00:00 0 
70da890b8000-70da890bc000 rw-p 00000000 00:00 0 
70da890bc000-70da890c4000 rw-p 00000000 00:00 0 
70da890c4000-70da890c8000 rw-p 00000000 00:00 0 
70da890c8000-70da890cc000 rw-p 00000000 00:00 0 
70da890cc000-70da890dc000 rw-p 00000000 00:00 0 
70da890dc000-70da890e0000 rw-p 00000000 00:00 0 
70da890e0000-70da890ec000 rw-p 00000000 00:00 0 
70da890ec000-70da890f0000 rw-p 00000000 00:00 0 
70da890f0000-70da8911c000 rw-p 00000000 00:00 0 
70da8911c000-70da89124000 rw-p 00000000 00:00 0 
70da89124000-70da89130000 rw-p 00000000 00:00 0 
70da89130000-70da89134000 rw-p 00000000 00:00 0 
70da89134000-70da89138000 rw-p 00000000 00:00 0 
70da89138000-70da89140000 rw-p 00000000 00:00 0 
70da89140000-70da89148000 rw-p 00000000 00:00 0 
70da89148000-70da8914c000 rw-p 00000000 00:00 0 
70da8914c000-70da89150000 rw-p 00000000 00:00 0 
70da89150000-70da89154000 rw-p 00000000 00:00 0 
70da89154000-70da89158000 rw-p 00000000 00:00 0 
70da89158000-70da8915c000 rw-p 00000000 00:00 0 
70da8915c000-70da89164000 rw-p 00000000 00:00 0 
70da89164000-70da89168000 rw-p 00000000 00:00 0 
70da89168000-70da89174000 rw-p 00000000 00:00 0 
70da89174000-70da8a200000 rw-p 00000000 00:00 0 
70da8a200000-70da8a348000 r--p 00000000 08:21 20711881                   /usr/lib/x86_64-linux-gnu/libjavascriptcoregtk-4.1.so.0.6.10
70da8a348000-70da8ba63000 r-xp 00148000 08:21 20711881                   /usr/lib/x86_64-linux-gnu/libjavascriptcoregtk-4.1.so.0.6.10
70da8ba63000-70da8bdd3000 r--p 01863000 08:21 20711881                   /usr/lib/x86_64-linux-gnu/libjavascriptcoregtk-4.1.so.0.6.10
70da8bdd3000-70da8be1b000 r--p 01bd3000 08:21 20711881                   /usr/lib/x86_64-linux-gnu/libjavascriptcoregtk-4.1.so.0.6.10
70da8be1b000-70da8be35000 rw-p 01c1b000 08:21 20711881                   /usr/lib/x86_64-linux-gnu/libjavascriptcoregtk-4.1.so.0.6.10
70da8be35000-70da8be49000 rw-p 00000000 00:00 0 
70da8be49000-70da8be4d000 r--p 00000000 00:00 0 
70da8be4d000-70da8be54000 rw-p 00000000 00:00 0 
70da8be6e000-70da8be76000 r--p 00000000 08:21 20724509                   /usr/lib/x86_64-linux-gnu/libGLESv2.so.2.1.0
70da8be76000-70da8be7b000 r-xp 00008000 08:21 20724509                   /usr/lib/x86_64-linux-gnu/libGLESv2.so.2.1.0
70da8be7b000-70da8be7d000 r--p 0000d000 08:21 20724509                   /usr/lib/x86_64-linux-gnu/libGLESv2.so.2.1.0
70da8be7d000-70da8be7f000 r--p 0000f000 08:21 20724509                   /usr/lib/x86_64-linux-gnu/libGLESv2.so.2.1.0
70da8be7f000-70da8be80000 rw-p 00011000 08:21 20724509                   /usr/lib/x86_64-linux-gnu/libGLESv2.so.2.1.0
70da8be80000-70da8bf80000 rw-s 00000000 00:05 1151                       /dev/nvidiactl
70da8bf80000-70da8c000000 rw-s 00000000 00:05 1151                       /dev/nvidiactl
70da8c000000-70da8e656000 rw-p 00000000 00:00 0 
70da8e656000-70da90000000 ---p 00000000 00:00 0 
70da90000000-70da90021000 rw-p 00000000 00:00 0 
70da90021000-70da94000000 ---p 00000000 00:00 0 
70da9401f000-70da94032000 rw-s 00000000 00:05 1151                       /dev/nvidiactl
70da94032000-70da94072000 rw-s 00000000 00:05 1151                       /dev/nvidiactl
70da94072000-70da94092000 rw-s 00000000 00:05 1151                       /dev/nvidiactl
70da94092000-70da940d2000 rw-s 00000000 00:05 1151                       /dev/nvidiactl
70da940d2000-70da940f2000 rw-s 00000000 00:05 1151                       /dev/nvidiactl
70da940f2000-70da94172000 rw-s 00000000 00:05 1152                       /dev/nvidia0
70da94172000-70da943b7000 rw-s 00000000 00:01 6159                       /memfd:/.nvidia_drv.XXXXXX (deleted)
70da943b7000-70da943c8000 r--p 00000000 08:21 20725318                   /usr/lib/x86_64-linux-gnu/libunistring.so.5.0.0
70da943c8000-70da943ff000 r-xp 00011000 08:21 20725318                   /usr/lib/x86_64-linux-gnu/libunistring.so.5.0.0
70da943ff000-70da9455f000 r--p 00048000 08:21 20725318                   /usr/lib/x86_64-linux-gnu/libunistring.so.5.0.0
70da9455f000-70da94563000 r--p 001a8000 08:21 20725318                   /usr/lib/x86_64-linux-gnu/libunistring.so.5.0.0
70da94563000-70da94564000 rw-p 001ac000 08:21 20725318                   /usr/lib/x86_64-linux-gnu/libunistring.so.5.0.0
70da94564000-70da98000000 r--s 00000000 07:17 1755                       /snap/eclipse/101/plugins/org.eclipse.justj.openjdk.hotspot.jre.full.linux.x86_64_21.0.4.v20240802-1551/jre/lib/modules
70da98000000-70da992e8000 rw-p 00000000 00:00 0 
70da992e8000-70da9c000000 ---p 00000000 00:00 0 
70da9c000000-70da9c021000 rw-p 00000000 00:00 0 
70da9c021000-70daa0000000 ---p 00000000 00:00 0 
70daa0000000-70daa4000000 rw-s 00000000 00:01 2265                       /memfd:pulseaudio (deleted)
70daa4000000-70daa4052000 rw-p 00000000 00:00 0 
70daa4052000-70daa8000000 ---p 00000000 00:00 0 
70daa8000000-70daa8021000 rw-p 00000000 00:00 0 
70daa8021000-70daac000000 ---p 00000000 00:00 0 
70daac003000-70daac043000 rw-s 00000000 00:05 1151                       /dev/nvidiactl
70daac063000-70daac06e000 r--p 00000000 08:21 20725380                   /usr/lib/x86_64-linux-gnu/libxcb-glx.so.0.0.0
70daac06e000-70daac077000 r-xp 0000b000 08:21 20725380                   /usr/lib/x86_64-linux-gnu/libxcb-glx.so.0.0.0
70daac077000-70daac07c000 r--p 00014000 08:21 20725380                   /usr/lib/x86_64-linux-gnu/libxcb-glx.so.0.0.0
70daac07c000-70daac07e000 r--p 00019000 08:21 20725380                   /usr/lib/x86_64-linux-gnu/libxcb-glx.so.0.0.0
70daac07e000-70daac07f000 rw-p 0001b000 08:21 20725380                   /usr/lib/x86_64-linux-gnu/libxcb-glx.so.0.0.0
70daac07f000-70daac09f000 r--p 00000000 08:21 20713079                   /usr/lib/x86_64-linux-gnu/libkrb5.so.3.3
70daac09f000-70daac100000 r-xp 00020000 08:21 20713079                   /usr/lib/x86_64-linux-gnu/libkrb5.so.3.3
70daac100000-70daac139000 r--p 00081000 08:21 20713079                   /usr/lib/x86_64-linux-gnu/libkrb5.so.3.3
70daac139000-70daac146000 r--p 000ba000 08:21 20713079                   /usr/lib/x86_64-linux-gnu/libkrb5.so.3.3
70daac146000-70daac148000 rw-p 000c7000 08:21 20713079                   /usr/lib/x86_64-linux-gnu/libkrb5.so.3.3
70daac148000-70daac189000 r--p 00000000 08:21 20724513                   /usr/lib/x86_64-linux-gnu/libGLdispatch.so.0.0.0
70daac189000-70daac1c8000 r-xp 00041000 08:21 20724513                   /usr/lib/x86_64-linux-gnu/libGLdispatch.so.0.0.0
70daac1c8000-70daac1db000 r--p 00080000 08:21 20724513                   /usr/lib/x86_64-linux-gnu/libGLdispatch.so.0.0.0
70daac1db000-70daac1f7000 r--p 00093000 08:21 20724513                   /usr/lib/x86_64-linux-gnu/libGLdispatch.so.0.0.0
70daac1f7000-70daac1f8000 rw-p 000af000 08:21 20724513                   /usr/lib/x86_64-linux-gnu/libGLdispatch.so.0.0.0
70daac1f8000-70daac200000 rw-p 00000000 00:00 0 
70daac200000-70daac2ee000 r--p 00000000 08:21 20715772                   /usr/lib/x86_64-linux-gnu/libicui18n.so.74.2
70daac2ee000-70daac4b1000 r-xp 000ee000 08:21 20715772                   /usr/lib/x86_64-linux-gnu/libicui18n.so.74.2
70daac4b1000-70daac53a000 r--p 002b1000 08:21 20715772                   /usr/lib/x86_64-linux-gnu/libicui18n.so.74.2
70daac53a000-70daac54c000 r--p 00339000 08:21 20715772                   /usr/lib/x86_64-linux-gnu/libicui18n.so.74.2
70daac54c000-70daac54d000 rw-p 0034b000 08:21 20715772                   /usr/lib/x86_64-linux-gnu/libicui18n.so.74.2
70daac54d000-70daac54e000 rw-p 00000000 00:00 0 
70daac552000-70daac55c000 r--p 00000000 08:21 20712412                   /usr/lib/x86_64-linux-gnu/libEGL_mesa.so.0.0.0
70daac55c000-70daac588000 r-xp 0000a000 08:21 20712412                   /usr/lib/x86_64-linux-gnu/libEGL_mesa.so.0.0.0
70daac588000-70daac596000 r--p 00036000 08:21 20712412                   /usr/lib/x86_64-linux-gnu/libEGL_mesa.so.0.0.0
70daac596000-70daac599000 r--p 00043000 08:21 20712412                   /usr/lib/x86_64-linux-gnu/libEGL_mesa.so.0.0.0
70daac599000-70daac59a000 rw-p 00046000 08:21 20712412                   /usr/lib/x86_64-linux-gnu/libEGL_mesa.so.0.0.0
70daac59a000-70daac5a8000 r--p 00000000 08:21 20712229                   /usr/lib/x86_64-linux-gnu/liborc-0.4.so.0.38.0
70daac5a8000-70daac622000 r-xp 0000e000 08:21 20712229                   /usr/lib/x86_64-linux-gnu/liborc-0.4.so.0.38.0
70daac622000-70daac645000 r--p 00088000 08:21 20712229                   /usr/lib/x86_64-linux-gnu/liborc-0.4.so.0.38.0
70daac645000-70daac648000 r--p 000ab000 08:21 20712229                   /usr/lib/x86_64-linux-gnu/liborc-0.4.so.0.38.0
70daac648000-70daac64c000 rw-p 000ae000 08:21 20712229                   /usr/lib/x86_64-linux-gnu/liborc-0.4.so.0.38.0
70daac64c000-70daac660000 r--p 00000000 08:21 20724761                   /usr/lib/x86_64-linux-gnu/libdw-0.190.so
70daac660000-70daac6cd000 r-xp 00014000 08:21 20724761                   /usr/lib/x86_64-linux-gnu/libdw-0.190.so
70daac6cd000-70daac6f7000 r--p 00081000 08:21 20724761                   /usr/lib/x86_64-linux-gnu/libdw-0.190.so
70daac6f7000-70daac6ff000 r--p 000ab000 08:21 20724761                   /usr/lib/x86_64-linux-gnu/libdw-0.190.so
70daac6ff000-70daac700000 rw-p 000b3000 08:21 20724761                   /usr/lib/x86_64-linux-gnu/libdw-0.190.so
70daac700000-70daac704000 ---p 00000000 00:00 0 
70daac704000-70daac800000 rw-p 00000000 00:00 0 
70daac800000-70daac804000 ---p 00000000 00:00 0 
70daac804000-70daac900000 rw-p 00000000 00:00 0 
70daac900000-70daac904000 ---p 00000000 00:00 0 
70daac904000-70daaca00000 rw-p 00000000 00:00 0 
70daaca00000-70daaca04000 ---p 00000000 00:00 0 
70daaca04000-70daacb00000 rw-p 00000000 00:00 0 
70daacb00000-70daacb04000 ---p 00000000 00:00 0 
70daacb04000-70daacc00000 rw-p 00000000 00:00 0 
70daacc00000-70daacc04000 ---p 00000000 00:00 0 
70daacc04000-70daacd00000 rw-p 00000000 00:00 0 
70daacd00000-70daacd04000 ---p 00000000 00:00 0 
70daacd04000-70daace00000 rw-p 00000000 00:00 0 
70daace00000-70daace9d000 r--p 00000000 08:21 20713798                   /usr/lib/x86_64-linux-gnu/libstdc++.so.6.0.33
70daace9d000-70daacfe5000 r-xp 0009d000 08:21 20713798                   /usr/lib/x86_64-linux-gnu/libstdc++.so.6.0.33
70daacfe5000-70daad06c000 r--p 001e5000 08:21 20713798                   /usr/lib/x86_64-linux-gnu/libstdc++.so.6.0.33
70daad06c000-70daad077000 r--p 0026b000 08:21 20713798                   /usr/lib/x86_64-linux-gnu/libstdc++.so.6.0.33
70daad077000-70daad07a000 rw-p 00276000 08:21 20713798                   /usr/lib/x86_64-linux-gnu/libstdc++.so.6.0.33
70daad07a000-70daad07e000 rw-p 00000000 00:00 0 
70daad084000-70daad091000 r--p 00000000 08:21 20717051                   /usr/lib/x86_64-linux-gnu/libglapi.so.0.0.0
70daad091000-70daad09f000 r-xp 0000d000 08:21 20717051                   /usr/lib/x86_64-linux-gnu/libglapi.so.0.0.0
70daad09f000-70daad0b3000 r--p 0001b000 08:21 20717051                   /usr/lib/x86_64-linux-gnu/libglapi.so.0.0.0
70daad0b3000-70daad0b7000 r--p 0002f000 08:21 20717051                   /usr/lib/x86_64-linux-gnu/libglapi.so.0.0.0
70daad0b7000-70daad0b8000 rw-p 00033000 08:21 20717051                   /usr/lib/x86_64-linux-gnu/libglapi.so.0.0.0
70daad0c4000-70daad0d4000 rw-s 00000000 00:05 1152                       /dev/nvidia0
70daad0d4000-70daad0d8000 r--p 00000000 08:21 20710384                   /usr/lib/x86_64-linux-gnu/libk5crypto.so.3.1
70daad0d8000-70daad0f3000 r-xp 00004000 08:21 20710384                   /usr/lib/x86_64-linux-gnu/libk5crypto.so.3.1
70daad0f3000-70daad0fe000 r--p 0001f000 08:21 20710384                   /usr/lib/x86_64-linux-gnu/libk5crypto.so.3.1
70daad0fe000-70daad0ff000 r--p 0002a000 08:21 20710384                   /usr/lib/x86_64-linux-gnu/libk5crypto.so.3.1
70daad0ff000-70daad100000 rw-p 0002b000 08:21 20710384                   /usr/lib/x86_64-linux-gnu/libk5crypto.so.3.1
70daad100000-70daad104000 ---p 00000000 00:00 0 
70daad104000-70daad200000 rw-p 00000000 00:00 0 
70daad200000-70daad201000 r--p 00000000 08:21 20715768                   /usr/lib/x86_64-linux-gnu/libicudata.so.74.2
70daad201000-70daad202000 r-xp 00001000 08:21 20715768                   /usr/lib/x86_64-linux-gnu/libicudata.so.74.2
70daad202000-70daaef5e000 r--p 00002000 08:21 20715768                   /usr/lib/x86_64-linux-gnu/libicudata.so.74.2
70daaef5e000-70daaef5f000 r--p 01d5d000 08:21 20715768                   /usr/lib/x86_64-linux-gnu/libicudata.so.74.2
70daaef5f000-70daaef60000 rw-p 01d5e000 08:21 20715768                   /usr/lib/x86_64-linux-gnu/libicudata.so.74.2
70daaef65000-70daaef68000 r--p 00000000 08:21 20716713                   /usr/lib/x86_64-linux-gnu/libresolv.so.2
70daaef68000-70daaef72000 r-xp 00003000 08:21 20716713                   /usr/lib/x86_64-linux-gnu/libresolv.so.2
70daaef72000-70daaef74000 r--p 0000d000 08:21 20716713                   /usr/lib/x86_64-linux-gnu/libresolv.so.2
70daaef74000-70daaef75000 r--p 0000f000 08:21 20716713                   /usr/lib/x86_64-linux-gnu/libresolv.so.2
70daaef75000-70daaef76000 rw-p 00010000 08:21 20716713                   /usr/lib/x86_64-linux-gnu/libresolv.so.2
70daaef76000-70daaef78000 rw-p 00000000 00:00 0 
70daaef78000-70daaef7a000 r--p 00000000 08:21 20724959                   /usr/lib/x86_64-linux-gnu/libidn2.so.0.4.0
70daaef7a000-70daaef7e000 r-xp 00002000 08:21 20724959                   /usr/lib/x86_64-linux-gnu/libidn2.so.0.4.0
70daaef7e000-70daaef98000 r--p 00006000 08:21 20724959                   /usr/lib/x86_64-linux-gnu/libidn2.so.0.4.0
70daaef98000-70daaef99000 r--p 0001f000 08:21 20724959                   /usr/lib/x86_64-linux-gnu/libidn2.so.0.4.0
70daaef99000-70daaef9a000 rw-p 00020000 08:21 20724959                   /usr/lib/x86_64-linux-gnu/libidn2.so.0.4.0
70daaef9a000-70daaef9f000 r--p 00000000 08:21 20716245                   /usr/lib/x86_64-linux-gnu/libudev.so.1.7.8
70daaef9f000-70daaefc1000 r-xp 00005000 08:21 20716245                   /usr/lib/x86_64-linux-gnu/libudev.so.1.7.8
70daaefc1000-70daaefcb000 r--p 00027000 08:21 20716245                   /usr/lib/x86_64-linux-gnu/libudev.so.1.7.8
70daaefcb000-70daaefcc000 r--p 00031000 08:21 20716245                   /usr/lib/x86_64-linux-gnu/libudev.so.1.7.8
70daaefcc000-70daaefcd000 rw-p 00032000 08:21 20716245                   /usr/lib/x86_64-linux-gnu/libudev.so.1.7.8
70daaefcd000-70daaefd0000 r--p 00000000 08:21 20724511                   /usr/lib/x86_64-linux-gnu/libGLX.so.0.0.0
70daaefd0000-70daaefeb000 r-xp 00003000 08:21 20724511                   /usr/lib/x86_64-linux-gnu/libGLX.so.0.0.0
70daaefeb000-70daaefee000 r--p 0001e000 08:21 20724511                   /usr/lib/x86_64-linux-gnu/libGLX.so.0.0.0
70daaefee000-70daaefef000 r--p 00020000 08:21 20724511                   /usr/lib/x86_64-linux-gnu/libGLX.so.0.0.0
70daaefef000-70daaeff0000 rw-p 00021000 08:21 20724511                   /usr/lib/x86_64-linux-gnu/libGLX.so.0.0.0
70daaeff0000-70daaf000000 rw-p 00000000 00:00 0 
70daaf000000-70daaf0b7000 r--p 00000000 08:21 20725213                   /usr/lib/x86_64-linux-gnu/librsvg-2.so.2.50.0
70daaf0b7000-70daaf44e000 r-xp 000b7000 08:21 20725213                   /usr/lib/x86_64-linux-gnu/librsvg-2.so.2.50.0
70daaf44e000-70daaf5e0000 r--p 0044e000 08:21 20725213                   /usr/lib/x86_64-linux-gnu/librsvg-2.so.2.50.0
70daaf5e0000-70daaf677000 r--p 005e0000 08:21 20725213                   /usr/lib/x86_64-linux-gnu/librsvg-2.so.2.50.0
70daaf677000-70daaf678000 rw-p 00677000 08:21 20725213                   /usr/lib/x86_64-linux-gnu/librsvg-2.so.2.50.0
70daaf679000-70daaf6bc000 r--p 00000000 08:21 20724507                   /usr/lib/x86_64-linux-gnu/libGL.so.1.7.0
70daaf6bc000-70daaf6dc000 r-xp 00043000 08:21 20724507                   /usr/lib/x86_64-linux-gnu/libGL.so.1.7.0
70daaf6dc000-70daaf6f0000 r--p 00063000 08:21 20724507                   /usr/lib/x86_64-linux-gnu/libGL.so.1.7.0
70daaf6f0000-70daaf6fe000 r--p 00077000 08:21 20724507                   /usr/lib/x86_64-linux-gnu/libGL.so.1.7.0
70daaf6fe000-70daaf6ff000 rw-p 00085000 08:21 20724507                   /usr/lib/x86_64-linux-gnu/libGL.so.1.7.0
70daaf6ff000-70daaf700000 rw-p 00000000 00:00 0 
70daaf700000-70daaf704000 ---p 00000000 00:00 0 
70daaf704000-70daaf800000 rw-p 00000000 00:00 0 
70daaf800000-70dab0000000 rw-s 00000000 00:01 65537                      /SYSV00000000 (deleted)
70dab0000000-70dab00f6000 rw-p 00000000 00:00 0 
70dab00f6000-70dab4000000 ---p 00000000 00:00 0 
70dab4000000-70dab44f0000 rw-p 00000000 00:00 0 
70dab44f0000-70dab4510000 rw-p 00000000 00:00 0 
70dab4510000-70dab4530000 rw-p 00000000 00:00 0 
70dab4530000-70dab4570000 rw-p 00000000 00:00 0 
70dab4570000-70dab46f0000 rw-p 00000000 00:00 0 
70dab46f0000-70dab4710000 rw-p 00000000 00:00 0 
70dab4710000-70dab4730000 rw-p 00000000 00:00 0 
70dab4730000-70dab4770000 rw-p 00000000 00:00 0 
70dab4770000-70dab48f0000 rw-p 00000000 00:00 0 
70dab48f0000-70dab4970000 rw-p 00000000 00:00 0 
70dab4970000-70dab4af0000 rw-p 00000000 00:00 0 
70dab4af0000-70dab4bf0000 rw-p 00000000 00:00 0 
70dab4bf0000-70dab4cf0000 rw-p 00000000 00:00 0 
70dab4cf0000-70dab4df0000 rw-p 00000000 00:00 0 
70dab4df0000-70dab4ff0000 rw-p 00000000 00:00 0 
70dab4ff0000-70dab50f0000 rw-p 00000000 00:00 0 
70dab50f0000-70dab5370000 rw-p 00000000 00:00 0 
70dab5370000-70dab53f0000 rw-p 00000000 00:00 0 
70dab53f0000-70dab55b0000 rw-p 00000000 00:00 0 
70dab55b0000-70dab55f0000 rw-p 00000000 00:00 0 
70dab55f0000-70dab56f0000 rw-p 00000000 00:00 0 
70dab56f0000-70dab57f0000 rw-p 00000000 00:00 0 
70dab57f0000-70dab5b70000 rw-p 00000000 00:00 0 
70dab5b70000-70dab5bf0000 rw-p 00000000 00:00 0 
70dab5bf0000-70dab5f70000 rw-p 00000000 00:00 0 
70dab5f70000-70dab5ff0000 rw-p 00000000 00:00 0 
70dab5ff0000-70dab62f0000 rw-p 00000000 00:00 0 
70dab62f0000-70dab63f0000 rw-p 00000000 00:00 0 
70dab63f0000-70dab6cf0000 rw-p 00000000 00:00 0 
70dab6cf0000-70dab6df0000 rw-p 00000000 00:00 0 
70dab6df0000-70dab74f0000 rw-p 00000000 00:00 0 
70dab74f0000-70dab75f0000 rw-p 00000000 00:00 0 
70dab75f0000-70dab7ff0000 rw-p 00000000 00:00 0 
70dab7ff0000-70dab8121000 rw-p 00000000 00:00 0 
70dab8121000-70dabc000000 ---p 00000000 00:00 0 
70dabc000000-70dabc004000 ---p 00000000 00:00 0 
70dabc004000-70dabc100000 rw-p 00000000 00:00 0 
70dabc100000-70dabc104000 ---p 00000000 00:00 0 
70dabc104000-70dabc200000 rw-p 00000000 00:00 0 
70dabc200000-70dabc204000 ---p 00000000 00:00 0 
70dabc204000-70dabc300000 rw-p 00000000 00:00 0 
70dabc300000-70dabc304000 ---p 00000000 00:00 0 
70dabc304000-70dabc400000 rw-p 00000000 00:00 0 
70dabc400000-70dabc409000 r-xp 00000000 08:23 23726309                   /opt/eclipse/configuration/org.eclipse.osgi/419/0/.cp/libswt-atk-gtk-4966r5.so
70dabc409000-70dabc608000 ---p 00009000 08:23 23726309                   /opt/eclipse/configuration/org.eclipse.osgi/419/0/.cp/libswt-atk-gtk-4966r5.so
70dabc608000-70dabc609000 r--p 00008000 08:23 23726309                   /opt/eclipse/configuration/org.eclipse.osgi/419/0/.cp/libswt-atk-gtk-4966r5.so
70dabc609000-70dabc60a000 rw-p 00009000 08:23 23726309                   /opt/eclipse/configuration/org.eclipse.osgi/419/0/.cp/libswt-atk-gtk-4966r5.so
70dabc60a000-70dabc60d000 r--p 00000000 08:21 20725391                   /usr/lib/x86_64-linux-gnu/libxcb-sync.so.1.0.0
70dabc60d000-70dabc610000 r-xp 00003000 08:21 20725391                   /usr/lib/x86_64-linux-gnu/libxcb-sync.so.1.0.0
70dabc610000-70dabc611000 r--p 00006000 08:21 20725391                   /usr/lib/x86_64-linux-gnu/libxcb-sync.so.1.0.0
70dabc611000-70dabc612000 r--p 00007000 08:21 20725391                   /usr/lib/x86_64-linux-gnu/libxcb-sync.so.1.0.0
70dabc612000-70dabc613000 rw-p 00008000 08:21 20725391                   /usr/lib/x86_64-linux-gnu/libxcb-sync.so.1.0.0
70dabc613000-70dabc61f000 r--p 00000000 08:21 20713069                   /usr/lib/x86_64-linux-gnu/libgssapi_krb5.so.2.2
70dabc61f000-70dabc659000 r-xp 0000c000 08:21 20713069                   /usr/lib/x86_64-linux-gnu/libgssapi_krb5.so.2.2
70dabc659000-70dabc663000 r--p 00046000 08:21 20713069                   /usr/lib/x86_64-linux-gnu/libgssapi_krb5.so.2.2
70dabc663000-70dabc665000 r--p 0004f000 08:21 20713069                   /usr/lib/x86_64-linux-gnu/libgssapi_krb5.so.2.2
70dabc665000-70dabc667000 rw-p 00051000 08:21 20713069                   /usr/lib/x86_64-linux-gnu/libgssapi_krb5.so.2.2
70dabc667000-70dabc680000 r--p 00000000 08:21 20725258                   /usr/lib/x86_64-linux-gnu/libsoup-3.0.so.0.7.1
70dabc680000-70dabc6d9000 r-xp 00019000 08:21 20725258                   /usr/lib/x86_64-linux-gnu/libsoup-3.0.so.0.7.1
70dabc6d9000-70dabc6fb000 r--p 00072000 08:21 20725258                   /usr/lib/x86_64-linux-gnu/libsoup-3.0.so.0.7.1
70dabc6fb000-70dabc6ff000 r--p 00093000 08:21 20725258                   /usr/lib/x86_64-linux-gnu/libsoup-3.0.so.0.7.1
70dabc6ff000-70dabc700000 rw-p 00097000 08:21 20725258                   /usr/lib/x86_64-linux-gnu/libsoup-3.0.so.0.7.1
70dabc700000-70dabc704000 ---p 00000000 00:00 0 
70dabc704000-70dabc800000 rw-p 00000000 00:00 0 
70dabc800000-70dabc804000 ---p 00000000 00:00 0 
70dabc804000-70dabc900000 rw-p 00000000 00:00 0 
70dabc900000-70dabc904000 ---p 00000000 00:00 0 
70dabc904000-70dabca00000 rw-p 00000000 00:00 0 
70dabca00000-70dabca02000 r-xp 00000000 08:23 23726328                   /opt/eclipse/configuration/org.eclipse.osgi/106/0/.cp/os/linux/x86_64/libunixfile_1_0_0.so
70dabca02000-70dabcc01000 ---p 00002000 08:23 23726328                   /opt/eclipse/configuration/org.eclipse.osgi/106/0/.cp/os/linux/x86_64/libunixfile_1_0_0.so
70dabcc01000-70dabcc02000 r--p 00001000 08:23 23726328                   /opt/eclipse/configuration/org.eclipse.osgi/106/0/.cp/os/linux/x86_64/libunixfile_1_0_0.so
70dabcc02000-70dabcc03000 rw-p 00002000 08:23 23726328                   /opt/eclipse/configuration/org.eclipse.osgi/106/0/.cp/os/linux/x86_64/libunixfile_1_0_0.so
70dabcc08000-70dabcc0b000 r--p 00000000 08:21 20724781                   /usr/lib/x86_64-linux-gnu/libelf-0.190.so
70dabcc0b000-70dabcc20000 r-xp 00003000 08:21 20724781                   /usr/lib/x86_64-linux-gnu/libelf-0.190.so
70dabcc20000-70dabcc24000 r--p 00018000 08:21 20724781                   /usr/lib/x86_64-linux-gnu/libelf-0.190.so
70dabcc24000-70dabcc25000 r--p 0001b000 08:21 20724781                   /usr/lib/x86_64-linux-gnu/libelf-0.190.so
70dabcc25000-70dabcc26000 rw-p 0001c000 08:21 20724781                   /usr/lib/x86_64-linux-gnu/libelf-0.190.so
70dabcc26000-70dabcc39000 r--p 00000000 08:21 20725232                   /usr/lib/x86_64-linux-gnu/libsecret-1.so.0.0.0
70dabcc39000-70dabcc6c000 r-xp 00013000 08:21 20725232                   /usr/lib/x86_64-linux-gnu/libsecret-1.so.0.0.0
70dabcc6c000-70dabcc80000 r--p 00046000 08:21 20725232                   /usr/lib/x86_64-linux-gnu/libsecret-1.so.0.0.0
70dabcc80000-70dabcc84000 r--p 00059000 08:21 20725232                   /usr/lib/x86_64-linux-gnu/libsecret-1.so.0.0.0
70dabcc84000-70dabcc85000 rw-p 0005d000 08:21 20725232                   /usr/lib/x86_64-linux-gnu/libsecret-1.so.0.0.0
70dabcc85000-70dabcc88000 r--p 00000000 08:21 20725358                   /usr/lib/x86_64-linux-gnu/libwebp.so.7.1.8
70dabcc88000-70dabcce8000 r-xp 00003000 08:21 20725358                   /usr/lib/x86_64-linux-gnu/libwebp.so.7.1.8
70dabcce8000-70dabccfd000 r--p 00063000 08:21 20725358                   /usr/lib/x86_64-linux-gnu/libwebp.so.7.1.8
70dabccfd000-70dabccfe000 r--p 00077000 08:21 20725358                   /usr/lib/x86_64-linux-gnu/libwebp.so.7.1.8
70dabccfe000-70dabccff000 rw-p 00078000 08:21 20725358                   /usr/lib/x86_64-linux-gnu/libwebp.so.7.1.8
70dabccff000-70dabcd00000 rw-p 00000000 00:00 0 
70dabcd00000-70dabcd04000 ---p 00000000 00:00 0 
70dabcd04000-70dabce00000 rw-p 00000000 00:00 0 
70dabce00000-70dabce04000 ---p 00000000 00:00 0 
70dabce04000-70dabcf00000 rw-p 00000000 00:00 0 
70dabcf00000-70dabcf04000 ---p 00000000 00:00 0 
70dabcf04000-70dabd000000 rw-p 00000000 00:00 0 
70dabd000000-70dabd001000 ---p 00000000 00:00 0 
70dabd001000-70dabd801000 rw-p 00000000 00:00 0 
70dabd802000-70dabd80e000 r--p 00000000 08:21 20724789                   /usr/lib/x86_64-linux-gnu/libevdev.so.2.3.0
70dabd80e000-70dabd814000 r-xp 0000c000 08:21 20724789                   /usr/lib/x86_64-linux-gnu/libevdev.so.2.3.0
70dabd814000-70dabd819000 r--p 00012000 08:21 20724789                   /usr/lib/x86_64-linux-gnu/libevdev.so.2.3.0
70dabd819000-70dabd81f000 r--p 00016000 08:21 20724789                   /usr/lib/x86_64-linux-gnu/libevdev.so.2.3.0
70dabd81f000-70dabd820000 rw-p 0001c000 08:21 20724789                   /usr/lib/x86_64-linux-gnu/libevdev.so.2.3.0
70dabd820000-70dabd825000 r--p 00000000 08:21 20746810                   /usr/lib/x86_64-linux-gnu/libnghttp2.so.14.26.0
70dabd825000-70dabd83b000 r-xp 00005000 08:21 20746810                   /usr/lib/x86_64-linux-gnu/libnghttp2.so.14.26.0
70dabd83b000-70dabd847000 r--p 0001b000 08:21 20746810                   /usr/lib/x86_64-linux-gnu/libnghttp2.so.14.26.0
70dabd847000-70dabd84a000 r--p 00026000 08:21 20746810                   /usr/lib/x86_64-linux-gnu/libnghttp2.so.14.26.0
70dabd84a000-70dabd84b000 rw-p 00029000 08:21 20746810                   /usr/lib/x86_64-linux-gnu/libnghttp2.so.14.26.0
70dabd84b000-70dabd900000 r--p 00000000 08:21 20840956                   /usr/share/fonts/truetype/ubuntu/UbuntuSans-Italic[wdth,wght].ttf
70dabda00000-70dabda04000 rw-s 00000000 00:05 1151                       /dev/nvidiactl
70dabda04000-70dabda0b000 r--p 00000000 08:21 20725385                   /usr/lib/x86_64-linux-gnu/libxcb-randr.so.0.1.0
70dabda0b000-70dabda10000 r-xp 00007000 08:21 20725385                   /usr/lib/x86_64-linux-gnu/libxcb-randr.so.0.1.0
70dabda10000-70dabda13000 r--p 0000c000 08:21 20725385                   /usr/lib/x86_64-linux-gnu/libxcb-randr.so.0.1.0
70dabda13000-70dabda14000 r--p 0000f000 08:21 20725385                   /usr/lib/x86_64-linux-gnu/libxcb-randr.so.0.1.0
70dabda14000-70dabda15000 rw-p 00010000 08:21 20725385                   /usr/lib/x86_64-linux-gnu/libxcb-randr.so.0.1.0
70dabda15000-70dabda17000 r--p 00000000 08:21 20725184                   /usr/lib/x86_64-linux-gnu/libpsl.so.5.3.4
70dabda17000-70dabda19000 r-xp 00002000 08:21 20725184                   /usr/lib/x86_64-linux-gnu/libpsl.so.5.3.4
70dabda19000-70dabda27000 r--p 00004000 08:21 20725184                   /usr/lib/x86_64-linux-gnu/libpsl.so.5.3.4
70dabda27000-70dabda28000 r--p 00011000 08:21 20725184                   /usr/lib/x86_64-linux-gnu/libpsl.so.5.3.4
70dabda28000-70dabda29000 rw-p 00012000 08:21 20725184                   /usr/lib/x86_64-linux-gnu/libpsl.so.5.3.4
70dabda29000-70dabda2c000 r--p 00000000 08:21 20724499                   /usr/lib/x86_64-linux-gnu/libEGL.so.1.1.0
70dabda2c000-70dabda36000 r-xp 00003000 08:21 20724499                   /usr/lib/x86_64-linux-gnu/libEGL.so.1.1.0
70dabda36000-70dabda39000 r--p 0000d000 08:21 20724499                   /usr/lib/x86_64-linux-gnu/libEGL.so.1.1.0
70dabda39000-70dabda3a000 r--p 00010000 08:21 20724499                   /usr/lib/x86_64-linux-gnu/libEGL.so.1.1.0
70dabda3a000-70dabda3b000 rw-p 00011000 08:21 20724499                   /usr/lib/x86_64-linux-gnu/libEGL.so.1.1.0
70dabda3b000-70dabda54000 r--p 00000000 08:21 20711722                   /usr/lib/x86_64-linux-gnu/libgstgl-1.0.so.0.2402.0
70dabda54000-70dabdaa4000 r-xp 00019000 08:21 20711722                   /usr/lib/x86_64-linux-gnu/libgstgl-1.0.so.0.2402.0
70dabdaa4000-70dabdac8000 r--p 00069000 08:21 20711722                   /usr/lib/x86_64-linux-gnu/libgstgl-1.0.so.0.2402.0
70dabdac8000-70dabdacd000 r--p 0008d000 08:21 20711722                   /usr/lib/x86_64-linux-gnu/libgstgl-1.0.so.0.2402.0
70dabdacd000-70dabdace000 rw-p 00092000 08:21 20711722                   /usr/lib/x86_64-linux-gnu/libgstgl-1.0.so.0.2402.0
70dabdace000-70dabdaea000 r--p 00000000 08:21 20711718                   /usr/lib/x86_64-linux-gnu/libgstvideo-1.0.so.0.2402.0
70dabdaea000-70dabdb65000 r-xp 0001c000 08:21 20711718                   /usr/lib/x86_64-linux-gnu/libgstvideo-1.0.so.0.2402.0
70dabdb65000-70dabdb8e000 r--p 00097000 08:21 20711718                   /usr/lib/x86_64-linux-gnu/libgstvideo-1.0.so.0.2402.0
70dabdb8e000-70dabdba1000 r--p 000bf000 08:21 20711718                   /usr/lib/x86_64-linux-gnu/libgstvideo-1.0.so.0.2402.0
70dabdba1000-70dabdba2000 rw-p 000d2000 08:21 20711718                   /usr/lib/x86_64-linux-gnu/libgstvideo-1.0.so.0.2402.0
70dabdba2000-70dabdba3000 rw-p 00000000 00:00 0 
70dabdba3000-70dabdbb4000 r--p 00000000 08:21 20711710                   /usr/lib/x86_64-linux-gnu/libgstaudio-1.0.so.0.2402.0
70dabdbb4000-70dabdc08000 r-xp 00011000 08:21 20711710                   /usr/lib/x86_64-linux-gnu/libgstaudio-1.0.so.0.2402.0
70dabdc08000-70dabdc23000 r--p 00065000 08:21 20711710                   /usr/lib/x86_64-linux-gnu/libgstaudio-1.0.so.0.2402.0
70dabdc23000-70dabdc27000 r--p 0007f000 08:21 20711710                   /usr/lib/x86_64-linux-gnu/libgstaudio-1.0.so.0.2402.0
70dabdc27000-70dabdc28000 rw-p 00083000 08:21 20711710                   /usr/lib/x86_64-linux-gnu/libgstaudio-1.0.so.0.2402.0
70dabdc28000-70dabdc58000 r--p 00000000 08:21 20724909                   /usr/lib/x86_64-linux-gnu/libgstreamer-1.0.so.0.2402.0
70dabdc58000-70dabdd1f000 r-xp 00030000 08:21 20724909                   /usr/lib/x86_64-linux-gnu/libgstreamer-1.0.so.0.2402.0
70dabdd1f000-70dabdd71000 r--p 000f7000 08:21 20724909                   /usr/lib/x86_64-linux-gnu/libgstreamer-1.0.so.0.2402.0
70dabdd71000-70dabdd77000 r--p 00148000 08:21 20724909                   /usr/lib/x86_64-linux-gnu/libgstreamer-1.0.so.0.2402.0
70dabdd77000-70dabdd7a000 rw-p 0014e000 08:21 20724909                   /usr/lib/x86_64-linux-gnu/libgstreamer-1.0.so.0.2402.0
70dabdd7a000-70dabdd7b000 rw-p 00000000 00:00 0 
70dabdd7b000-70dabdd8a000 r--p 00000000 08:21 20724900                   /usr/lib/x86_64-linux-gnu/libgstbase-1.0.so.0.2402.0
70dabdd8a000-70dabdde4000 r-xp 0000f000 08:21 20724900                   /usr/lib/x86_64-linux-gnu/libgstbase-1.0.so.0.2402.0
70dabdde4000-70dabddfe000 r--p 00069000 08:21 20724900                   /usr/lib/x86_64-linux-gnu/libgstbase-1.0.so.0.2402.0
70dabddfe000-70dabddff000 r--p 00082000 08:21 20724900                   /usr/lib/x86_64-linux-gnu/libgstbase-1.0.so.0.2402.0
70dabddff000-70dabde00000 rw-p 00083000 08:21 20724900                   /usr/lib/x86_64-linux-gnu/libgstbase-1.0.so.0.2402.0
70dabde00000-70dabde0c000 r-xp 00000000 08:23 23726774                   /opt/eclipse/configuration/org.eclipse.osgi/419/0/.cp/libswt-webkit-gtk-4966r5.so
70dabde0c000-70dabe00b000 ---p 0000c000 08:23 23726774                   /opt/eclipse/configuration/org.eclipse.osgi/419/0/.cp/libswt-webkit-gtk-4966r5.so
70dabe00b000-70dabe00c000 r--p 0000b000 08:23 23726774                   /opt/eclipse/configuration/org.eclipse.osgi/419/0/.cp/libswt-webkit-gtk-4966r5.so
70dabe00c000-70dabe00d000 rw-p 0000c000 08:23 23726774                   /opt/eclipse/configuration/org.eclipse.osgi/419/0/.cp/libswt-webkit-gtk-4966r5.so
70dabe00e000-70dabe011000 r--p 00000000 08:21 20725324                   /usr/lib/x86_64-linux-gnu/libunwind.so.8.0.1
70dabe011000-70dabe01b000 r-xp 00003000 08:21 20725324                   /usr/lib/x86_64-linux-gnu/libunwind.so.8.0.1
70dabe01b000-70dabe01d000 r--p 0000d000 08:21 20725324                   /usr/lib/x86_64-linux-gnu/libunwind.so.8.0.1
70dabe01d000-70dabe01e000 r--p 0000e000 08:21 20725324                   /usr/lib/x86_64-linux-gnu/libunwind.so.8.0.1
70dabe01e000-70dabe01f000 rw-p 0000f000 08:21 20725324                   /usr/lib/x86_64-linux-gnu/libunwind.so.8.0.1
70dabe01f000-70dabe029000 rw-p 00000000 00:00 0 
70dabe029000-70dabe02e000 r--p 00000000 08:21 20724753                   /usr/lib/x86_64-linux-gnu/libdrm.so.2.4.0
70dabe02e000-70dabe03a000 r-xp 00005000 08:21 20724753                   /usr/lib/x86_64-linux-gnu/libdrm.so.2.4.0
70dabe03a000-70dabe03e000 r--p 00011000 08:21 20724753                   /usr/lib/x86_64-linux-gnu/libdrm.so.2.4.0
70dabe03e000-70dabe03f000 r--p 00014000 08:21 20724753                   /usr/lib/x86_64-linux-gnu/libdrm.so.2.4.0
70dabe03f000-70dabe040000 rw-p 00015000 08:21 20724753                   /usr/lib/x86_64-linux-gnu/libdrm.so.2.4.0
70dabe040000-70dabe04a000 r--p 00000000 08:21 20711717                   /usr/lib/x86_64-linux-gnu/libgsttag-1.0.so.0.2402.0
70dabe04a000-70dabe06e000 r-xp 0000a000 08:21 20711717                   /usr/lib/x86_64-linux-gnu/libgsttag-1.0.so.0.2402.0
70dabe06e000-70dabe07e000 r--p 0002e000 08:21 20711717                   /usr/lib/x86_64-linux-gnu/libgsttag-1.0.so.0.2402.0
70dabe07e000-70dabe080000 r--p 0003e000 08:21 20711717                   /usr/lib/x86_64-linux-gnu/libgsttag-1.0.so.0.2402.0
70dabe080000-70dabe081000 rw-p 00040000 08:21 20711717                   /usr/lib/x86_64-linux-gnu/libgsttag-1.0.so.0.2402.0
70dabe081000-70dabe08b000 r--p 00000000 08:21 20725000                   /usr/lib/x86_64-linux-gnu/liblcms2.so.2.0.14
70dabe08b000-70dabe0ca000 r-xp 0000a000 08:21 20725000                   /usr/lib/x86_64-linux-gnu/liblcms2.so.2.0.14
70dabe0ca000-70dabe0dc000 r--p 00049000 08:21 20725000                   /usr/lib/x86_64-linux-gnu/liblcms2.so.2.0.14
70dabe0dc000-70dabe0de000 r--p 0005b000 08:21 20725000                   /usr/lib/x86_64-linux-gnu/liblcms2.so.2.0.14
70dabe0de000-70dabe0e1000 rw-p 0005d000 08:21 20725000                   /usr/lib/x86_64-linux-gnu/liblcms2.so.2.0.14
70dabe0e1000-70dabe0e3000 rw-p 00000000 00:00 0 
70dabe0e3000-70dabe103000 r--p 00000000 08:21 20725264                   /usr/lib/x86_64-linux-gnu/libsqlite3.so.0.8.6
70dabe103000-70dabe20e000 r-xp 00020000 08:21 20725264                   /usr/lib/x86_64-linux-gnu/libsqlite3.so.0.8.6
70dabe20e000-70dabe242000 r--p 0012b000 08:21 20725264                   /usr/lib/x86_64-linux-gnu/libsqlite3.so.0.8.6
70dabe242000-70dabe246000 r--p 0015e000 08:21 20725264                   /usr/lib/x86_64-linux-gnu/libsqlite3.so.0.8.6
70dabe246000-70dabe24a000 rw-p 00162000 08:21 20725264                   /usr/lib/x86_64-linux-gnu/libsqlite3.so.0.8.6
70dabe24a000-70dabe24b000 rw-p 00000000 00:00 0 
70dabe24b000-70dabe300000 r--p 00000000 08:21 20840956                   /usr/share/fonts/truetype/ubuntu/UbuntuSans-Italic[wdth,wght].ttf
70dabe300000-70dabe304000 ---p 00000000 00:00 0 
70dabe304000-70dabe400000 rw-p 00000000 00:00 0 
70dabe400000-70dabe401000 ---p 00000000 00:00 0 
70dabe401000-70dabec01000 rw-p 00000000 00:00 0 
70dabec04000-70dabec08000 rw-s 00000000 00:05 1151                       /dev/nvidiactl
70dabec08000-70dabec17000 r--p 00000000 08:21 20711712                   /usr/lib/x86_64-linux-gnu/libgstpbutils-1.0.so.0.2402.0
70dabec17000-70dabec39000 r-xp 0000f000 08:21 20711712                   /usr/lib/x86_64-linux-gnu/libgstpbutils-1.0.so.0.2402.0
70dabec39000-70dabec47000 r--p 00031000 08:21 20711712                   /usr/lib/x86_64-linux-gnu/libgstpbutils-1.0.so.0.2402.0
70dabec47000-70dabec4a000 r--p 0003f000 08:21 20711712                   /usr/lib/x86_64-linux-gnu/libgstpbutils-1.0.so.0.2402.0
70dabec4a000-70dabec4b000 rw-p 00042000 08:21 20711712                   /usr/lib/x86_64-linux-gnu/libgstpbutils-1.0.so.0.2402.0
70dabec4b000-70dabed00000 r--p 00000000 08:21 20840956                   /usr/share/fonts/truetype/ubuntu/UbuntuSans-Italic[wdth,wght].ttf
70dabed00000-70dabed04000 ---p 00000000 00:00 0 
70dabed04000-70dabee00000 rw-p 00000000 00:00 0 
70dabee00000-70dabee09000 r-xp 00000000 08:23 23726302                   /opt/eclipse/configuration/org.eclipse.osgi/419/0/.cp/libswt-cairo-gtk-4966r5.so
70dabee09000-70dabf009000 ---p 00009000 08:23 23726302                   /opt/eclipse/configuration/org.eclipse.osgi/419/0/.cp/libswt-cairo-gtk-4966r5.so
70dabf009000-70dabf00a000 r--p 00009000 08:23 23726302                   /opt/eclipse/configuration/org.eclipse.osgi/419/0/.cp/libswt-cairo-gtk-4966r5.so
70dabf00a000-70dabf00b000 rw-p 0000a000 08:23 23726302                   /opt/eclipse/configuration/org.eclipse.osgi/419/0/.cp/libswt-cairo-gtk-4966r5.so
70dabf00d000-70dabf00f000 r--p 00000000 08:21 20725379                   /usr/lib/x86_64-linux-gnu/libxcb-dri3.so.0.1.0
70dabf00f000-70dabf011000 r-xp 00002000 08:21 20725379                   /usr/lib/x86_64-linux-gnu/libxcb-dri3.so.0.1.0
70dabf011000-70dabf012000 r--p 00004000 08:21 20725379                   /usr/lib/x86_64-linux-gnu/libxcb-dri3.so.0.1.0
70dabf012000-70dabf013000 r--p 00004000 08:21 20725379                   /usr/lib/x86_64-linux-gnu/libxcb-dri3.so.0.1.0
70dabf013000-70dabf014000 rw-p 00005000 08:21 20725379                   /usr/lib/x86_64-linux-gnu/libxcb-dri3.so.0.1.0
70dabf014000-70dabf016000 r--p 00000000 08:21 20724991                   /usr/lib/x86_64-linux-gnu/libkeyutils.so.1.10
70dabf016000-70dabf018000 r-xp 00002000 08:21 20724991                   /usr/lib/x86_64-linux-gnu/libkeyutils.so.1.10
70dabf018000-70dabf019000 r--p 00004000 08:21 20724991                   /usr/lib/x86_64-linux-gnu/libkeyutils.so.1.10
70dabf019000-70dabf01a000 r--p 00004000 08:21 20724991                   /usr/lib/x86_64-linux-gnu/libkeyutils.so.1.10
70dabf01a000-70dabf01b000 rw-p 00005000 08:21 20724991                   /usr/lib/x86_64-linux-gnu/libkeyutils.so.1.10
70dabf01b000-70dabf01f000 r--p 00000000 08:21 20725033                   /usr/lib/x86_64-linux-gnu/libmanette-0.2.so.0
70dabf01f000-70dabf025000 r-xp 00004000 08:21 20725033                   /usr/lib/x86_64-linux-gnu/libmanette-0.2.so.0
70dabf025000-70dabf049000 r--p 0000a000 08:21 20725033                   /usr/lib/x86_64-linux-gnu/libmanette-0.2.so.0
70dabf049000-70dabf04a000 r--p 0002d000 08:21 20725033                   /usr/lib/x86_64-linux-gnu/libmanette-0.2.so.0
70dabf04a000-70dabf04b000 rw-p 0002e000 08:21 20725033                   /usr/lib/x86_64-linux-gnu/libmanette-0.2.so.0
70dabf04b000-70dabf100000 r--p 00000000 08:21 20840956                   /usr/share/fonts/truetype/ubuntu/UbuntuSans-Italic[wdth,wght].ttf
70dabf100000-70dabf104000 ---p 00000000 00:00 0 
70dabf104000-70dabf200000 rw-p 00000000 00:00 0 
70dabf200000-70dabf204000 ---p 00000000 00:00 0 
70dabf204000-70dabf300000 rw-p 00000000 00:00 0 
70dabf300000-70dabf304000 ---p 00000000 00:00 0 
70dabf304000-70dabf400000 rw-p 00000000 00:00 0 
70dabf400000-70dabf46c000 r-xp 00000000 08:23 23726301                   /opt/eclipse/configuration/org.eclipse.osgi/419/0/.cp/libswt-pi3-gtk-4966r5.so
70dabf46c000-70dabf66b000 ---p 0006c000 08:23 23726301                   /opt/eclipse/configuration/org.eclipse.osgi/419/0/.cp/libswt-pi3-gtk-4966r5.so
70dabf66b000-70dabf66c000 r--p 0006b000 08:23 23726301                   /opt/eclipse/configuration/org.eclipse.osgi/419/0/.cp/libswt-pi3-gtk-4966r5.so
70dabf66c000-70dabf66f000 rw-p 0006c000 08:23 23726301                   /opt/eclipse/configuration/org.eclipse.osgi/419/0/.cp/libswt-pi3-gtk-4966r5.so
70dabf66f000-70dabf670000 rw-p 00000000 00:00 0 
70dabf673000-70dabf676000 r--p 00000000 08:21 20713073                   /usr/lib/x86_64-linux-gnu/libkrb5support.so.0.1
70dabf676000-70dabf67c000 r-xp 00003000 08:21 20713073                   /usr/lib/x86_64-linux-gnu/libkrb5support.so.0.1
70dabf67c000-70dabf67e000 r--p 00009000 08:21 20713073                   /usr/lib/x86_64-linux-gnu/libkrb5support.so.0.1
70dabf67e000-70dabf67f000 r--p 0000a000 08:21 20713073                   /usr/lib/x86_64-linux-gnu/libkrb5support.so.0.1
70dabf67f000-70dabf680000 rw-p 0000b000 08:21 20713073                   /usr/lib/x86_64-linux-gnu/libkrb5support.so.0.1
70dabf680000-70dabf689000 r--p 00000000 08:21 20725408                   /usr/lib/x86_64-linux-gnu/libxslt.so.1.1.39
70dabf689000-70dabf6b2000 r-xp 00009000 08:21 20725408                   /usr/lib/x86_64-linux-gnu/libxslt.so.1.1.39
70dabf6b2000-70dabf6bf000 r--p 00032000 08:21 20725408                   /usr/lib/x86_64-linux-gnu/libxslt.so.1.1.39
70dabf6bf000-70dabf6c0000 r--p 0003e000 08:21 20725408                   /usr/lib/x86_64-linux-gnu/libxslt.so.1.1.39
70dabf6c0000-70dabf6c1000 rw-p 0003f000 08:21 20725408                   /usr/lib/x86_64-linux-gnu/libxslt.so.1.1.39
70dabf6c1000-70dabf700000 r--p 00000000 08:21 20840614                   /usr/share/fonts/truetype/dejavu/DejaVuSansMono-BoldOblique.ttf
70dabf700000-70dabf704000 ---p 00000000 00:00 0 
70dabf704000-70dabf800000 rw-p 00000000 00:00 0 
70dabf800000-70dabf804000 ---p 00000000 00:00 0 
70dabf804000-70dabf900000 rw-p 00000000 00:00 0 
70dabf900000-70dabf904000 ---p 00000000 00:00 0 
70dabf904000-70dabfa00000 rw-p 00000000 00:00 0 
70dabfa00000-70dabfa8b000 r-xp 00000000 08:23 23726300                   /opt/eclipse/configuration/org.eclipse.osgi/419/0/.cp/libswt-gtk-4966r5.so
70dabfa8b000-70dabfc8a000 ---p 0008b000 08:23 23726300                   /opt/eclipse/configuration/org.eclipse.osgi/419/0/.cp/libswt-gtk-4966r5.so
70dabfc8a000-70dabfc8b000 r--p 0008a000 08:23 23726300                   /opt/eclipse/configuration/org.eclipse.osgi/419/0/.cp/libswt-gtk-4966r5.so
70dabfc8b000-70dabfc93000 rw-p 0008b000 08:23 23726300                   /opt/eclipse/configuration/org.eclipse.osgi/419/0/.cp/libswt-gtk-4966r5.so
70dabfc93000-70dabfc97000 rw-p 00000000 00:00 0 
70dabfc98000-70dabfc99000 r--p 00000000 08:21 20725407                   /usr/lib/x86_64-linux-gnu/libxshmfence.so.1.0.0
70dabfc99000-70dabfc9a000 r-xp 00001000 08:21 20725407                   /usr/lib/x86_64-linux-gnu/libxshmfence.so.1.0.0
70dabfc9a000-70dabfc9b000 r--p 00002000 08:21 20725407                   /usr/lib/x86_64-linux-gnu/libxshmfence.so.1.0.0
70dabfc9b000-70dabfc9c000 r--p 00002000 08:21 20725407                   /usr/lib/x86_64-linux-gnu/libxshmfence.so.1.0.0
70dabfc9c000-70dabfc9d000 rw-p 00003000 08:21 20725407                   /usr/lib/x86_64-linux-gnu/libxshmfence.so.1.0.0
70dabfc9d000-70dabfca0000 r--p 00000000 08:21 20712422                   /usr/lib/x86_64-linux-gnu/libgbm.so.1.0.0
70dabfca0000-70dabfca8000 r-xp 00003000 08:21 20712422                   /usr/lib/x86_64-linux-gnu/libgbm.so.1.0.0
70dabfca8000-70dabfcac000 r--p 0000b000 08:21 20712422                   /usr/lib/x86_64-linux-gnu/libgbm.so.1.0.0
70dabfcac000-70dabfcad000 r--p 0000e000 08:21 20712422                   /usr/lib/x86_64-linux-gnu/libgbm.so.1.0.0
70dabfcad000-70dabfcae000 rw-p 0000f000 08:21 20712422                   /usr/lib/x86_64-linux-gnu/libgbm.so.1.0.0
70dabfcae000-70dabfd00000 r--p 00000000 08:21 20840613                   /usr/share/fonts/truetype/dejavu/DejaVuSansMono-Bold.ttf
70dabfd00000-70dabfd04000 ---p 00000000 00:00 0 
70dabfd04000-70dabfe00000 rw-p 00000000 00:00 0 
70dabfe00000-70dabfe04000 ---p 00000000 00:00 0 
70dabfe04000-70dabff00000 rw-p 00000000 00:00 0 
70dabff00000-70dabff04000 ---p 00000000 00:00 0 
70dabff04000-70dac0000000 rw-p 00000000 00:00 0 
70dac0000000-70dac00b2000 rw-p 00000000 00:00 0 
70dac00b2000-70dac4000000 ---p 00000000 00:00 0 
70dac4000000-70dac534a000 rw-p 00000000 00:00 0 
70dac534a000-70dac8000000 ---p 00000000 00:00 0 
70dac8000000-70dac8004000 ---p 00000000 00:00 0 
70dac8004000-70dac8100000 rw-p 00000000 00:00 0 
70dac8100000-70dac8104000 ---p 00000000 00:00 0 
70dac8104000-70dac8200000 rw-p 00000000 00:00 0 
70dac8200000-70dac8268000 r--p 00000000 08:21 20715850                   /usr/lib/x86_64-linux-gnu/libicuuc.so.74.2
70dac8268000-70dac836d000 r-xp 00068000 08:21 20715850                   /usr/lib/x86_64-linux-gnu/libicuuc.so.74.2
70dac836d000-70dac83f7000 r--p 0016d000 08:21 20715850                   /usr/lib/x86_64-linux-gnu/libicuuc.so.74.2
70dac83f7000-70dac840a000 r--p 001f7000 08:21 20715850                   /usr/lib/x86_64-linux-gnu/libicuuc.so.74.2
70dac840a000-70dac840b000 rw-p 0020a000 08:21 20715850                   /usr/lib/x86_64-linux-gnu/libicuuc.so.74.2
70dac840b000-70dac840d000 rw-p 00000000 00:00 0 
70dac840e000-70dac8410000 r--p 00000000 08:21 20716345                   /usr/lib/x86_64-linux-gnu/libcom_err.so.2.1
70dac8410000-70dac8411000 r-xp 00002000 08:21 20716345                   /usr/lib/x86_64-linux-gnu/libcom_err.so.2.1
70dac8411000-70dac8412000 r--p 00003000 08:21 20716345                   /usr/lib/x86_64-linux-gnu/libcom_err.so.2.1
70dac8412000-70dac8413000 r--p 00003000 08:21 20716345                   /usr/lib/x86_64-linux-gnu/libcom_err.so.2.1
70dac8413000-70dac8414000 rw-p 00004000 08:21 20716345                   /usr/lib/x86_64-linux-gnu/libcom_err.so.2.1
70dac8414000-70dac8415000 r--p 00000000 08:21 20725238                   /usr/lib/x86_64-linux-gnu/libsharpyuv.so.0.0.1
70dac8415000-70dac8418000 r-xp 00001000 08:21 20725238                   /usr/lib/x86_64-linux-gnu/libsharpyuv.so.0.0.1
70dac8418000-70dac8419000 r--p 00004000 08:21 20725238                   /usr/lib/x86_64-linux-gnu/libsharpyuv.so.0.0.1
70dac8419000-70dac841a000 r--p 00004000 08:21 20725238                   /usr/lib/x86_64-linux-gnu/libsharpyuv.so.0.0.1
70dac841a000-70dac841b000 rw-p 00005000 08:21 20725238                   /usr/lib/x86_64-linux-gnu/libsharpyuv.so.0.0.1
70dac841b000-70dac841c000 rw-p 00000000 00:00 0 
70dac841c000-70dac845a000 r--p 00000000 08:21 20840615                   /usr/share/fonts/truetype/dejavu/DejaVuSansMono-Oblique.ttf
70dac845a000-70dac8499000 r--p 00000000 08:21 20840614                   /usr/share/fonts/truetype/dejavu/DejaVuSansMono-BoldOblique.ttf
70dac8499000-70dac849d000 ---p 00000000 00:00 0 
70dac849d000-70dac8599000 rw-p 00000000 00:00 0 
70dac8599000-70dac859d000 ---p 00000000 00:00 0 
70dac859d000-70dac8699000 rw-p 00000000 00:00 0 
70dac8699000-70dac869d000 ---p 00000000 00:00 0 
70dac869d000-70dac8799000 rw-p 00000000 00:00 0 
70dac879a000-70dac879c000 r--p 00000000 08:21 20715646                   /usr/lib/x86_64-linux-gnu/libseccomp.so.2.5.5
70dac879c000-70dac87aa000 r-xp 00002000 08:21 20715646                   /usr/lib/x86_64-linux-gnu/libseccomp.so.2.5.5
70dac87aa000-70dac87b8000 r--p 00010000 08:21 20715646                   /usr/lib/x86_64-linux-gnu/libseccomp.so.2.5.5
70dac87b8000-70dac87b9000 r--p 0001d000 08:21 20715646                   /usr/lib/x86_64-linux-gnu/libseccomp.so.2.5.5
70dac87b9000-70dac87ba000 rw-p 0001e000 08:21 20715646                   /usr/lib/x86_64-linux-gnu/libseccomp.so.2.5.5
70dac87ba000-70dac87f8000 r--p 00000000 08:21 20840615                   /usr/share/fonts/truetype/dejavu/DejaVuSansMono-Oblique.ttf
70dac88f8000-70dac88fc000 ---p 00000000 00:00 0 
70dac88fc000-70dac89f8000 rw-p 00000000 00:00 0 
70dac89f8000-70dac89fc000 ---p 00000000 00:00 0 
70dac89fc000-70dac8af8000 rw-p 00000000 00:00 0 
70dac8af8000-70dac8afc000 ---p 00000000 00:00 0 
70dac8afc000-70dac8bf8000 rw-p 00000000 00:00 0 
70dac8bf8000-70dac8bf9000 ---p 00000000 00:00 0 
70dac8bf9000-70dac8cf9000 rw-p 00000000 00:00 0 
70dac8cf9000-70dac8cfd000 ---p 00000000 00:00 0 
70dac8cfd000-70dac8df9000 rw-p 00000000 00:00 0 
70dac8df9000-70dac8dfd000 ---p 00000000 00:00 0 
70dac8dfd000-70dac8ef9000 rw-p 00000000 00:00 0 
70dac8ef9000-70dac8efd000 ---p 00000000 00:00 0 
70dac8efd000-70dac8ff9000 rw-p 00000000 00:00 0 
70dac8ff9000-70dac8ffa000 r--p 00000000 08:21 20725384                   /usr/lib/x86_64-linux-gnu/libxcb-present.so.0.0.0
70dac8ffa000-70dac8ffb000 r-xp 00001000 08:21 20725384                   /usr/lib/x86_64-linux-gnu/libxcb-present.so.0.0.0
70dac8ffb000-70dac8ffc000 r--p 00002000 08:21 20725384                   /usr/lib/x86_64-linux-gnu/libxcb-present.so.0.0.0
70dac8ffc000-70dac8ffd000 r--p 00002000 08:21 20725384                   /usr/lib/x86_64-linux-gnu/libxcb-present.so.0.0.0
70dac8ffd000-70dac8ffe000 rw-p 00003000 08:21 20725384                   /usr/lib/x86_64-linux-gnu/libxcb-present.so.0.0.0
70dac8ffe000-70dac9005000 r--p 00000000 08:21 20725354                   /usr/lib/x86_64-linux-gnu/libwayland-server.so.0.22.0
70dac9005000-70dac900d000 r-xp 00007000 08:21 20725354                   /usr/lib/x86_64-linux-gnu/libwayland-server.so.0.22.0
70dac900d000-70dac9011000 r--p 0000f000 08:21 20725354                   /usr/lib/x86_64-linux-gnu/libwayland-server.so.0.22.0
70dac9011000-70dac9013000 r--p 00012000 08:21 20725354                   /usr/lib/x86_64-linux-gnu/libwayland-server.so.0.22.0
70dac9013000-70dac9014000 rw-p 00014000 08:21 20725354                   /usr/lib/x86_64-linux-gnu/libwayland-server.so.0.22.0
70dac9014000-70dac9017000 r--p 00000000 08:21 20725282                   /usr/lib/x86_64-linux-gnu/libtasn1.so.6.6.3
70dac9017000-70dac9025000 r-xp 00003000 08:21 20725282                   /usr/lib/x86_64-linux-gnu/libtasn1.so.6.6.3
70dac9025000-70dac9028000 r--p 00011000 08:21 20725282                   /usr/lib/x86_64-linux-gnu/libtasn1.so.6.6.3
70dac9028000-70dac9029000 r--p 00014000 08:21 20725282                   /usr/lib/x86_64-linux-gnu/libtasn1.so.6.6.3
70dac9029000-70dac902a000 rw-p 00015000 08:21 20725282                   /usr/lib/x86_64-linux-gnu/libtasn1.so.6.6.3
70dac902a000-70dac907c000 r--p 00000000 08:21 20840613                   /usr/share/fonts/truetype/dejavu/DejaVuSansMono-Bold.ttf
70dac907c000-70dac9082000 r--p 00000000 08:21 20725050                   /usr/lib/x86_64-linux-gnu/libmp3lame.so.0.0.0
70dac9082000-70dac90b3000 r-xp 00006000 08:21 20725050                   /usr/lib/x86_64-linux-gnu/libmp3lame.so.0.0.0
70dac90b3000-70dac90c3000 r--p 00037000 08:21 20725050                   /usr/lib/x86_64-linux-gnu/libmp3lame.so.0.0.0
70dac90c3000-70dac90c4000 r--p 00047000 08:21 20725050                   /usr/lib/x86_64-linux-gnu/libmp3lame.so.0.0.0
70dac90c4000-70dac90c5000 rw-p 00048000 08:21 20725050                   /usr/lib/x86_64-linux-gnu/libmp3lame.so.0.0.0
70dac90c5000-70dac90f2000 rw-p 00000000 00:00 0 
70dac90f2000-70dac90f7000 r--p 00000000 08:21 20709818                   /usr/lib/x86_64-linux-gnu/libmpg123.so.0.48.2
70dac90f7000-70dac9132000 r-xp 00005000 08:21 20709818                   /usr/lib/x86_64-linux-gnu/libmpg123.so.0.48.2
70dac9132000-70dac914c000 r--p 00040000 08:21 20709818                   /usr/lib/x86_64-linux-gnu/libmpg123.so.0.48.2
70dac914c000-70dac914d000 r--p 0005a000 08:21 20709818                   /usr/lib/x86_64-linux-gnu/libmpg123.so.0.48.2
70dac914d000-70dac914e000 rw-p 0005b000 08:21 20709818                   /usr/lib/x86_64-linux-gnu/libmpg123.so.0.48.2
70dac914e000-70dac9162000 r--p 00000000 08:21 20725339                   /usr/lib/x86_64-linux-gnu/libvorbisenc.so.2.0.12
70dac9162000-70dac9165000 r-xp 00014000 08:21 20725339                   /usr/lib/x86_64-linux-gnu/libvorbisenc.so.2.0.12
70dac9165000-70dac91dc000 r--p 00017000 08:21 20725339                   /usr/lib/x86_64-linux-gnu/libvorbisenc.so.2.0.12
70dac91dc000-70dac91f8000 r--p 0008d000 08:21 20725339                   /usr/lib/x86_64-linux-gnu/libvorbisenc.so.2.0.12
70dac91f8000-70dac91f9000 rw-p 000a9000 08:21 20725339                   /usr/lib/x86_64-linux-gnu/libvorbisenc.so.2.0.12
70dac91f9000-70dac91fd000 ---p 00000000 00:00 0 
70dac91fd000-70dac92f9000 rw-p 00000000 00:00 0 
70dac92f9000-70dac92fd000 ---p 00000000 00:00 0 
70dac92fd000-70dac93f9000 rw-p 00000000 00:00 0 
70dac93fa000-70dac93fe000 r--p 00000000 08:21 20724923                   /usr/lib/x86_64-linux-gnu/libgudev-1.0.so.0.3.0
70dac93fe000-70dac9403000 r-xp 00004000 08:21 20724923                   /usr/lib/x86_64-linux-gnu/libgudev-1.0.so.0.3.0
70dac9403000-70dac9405000 r--p 00009000 08:21 20724923                   /usr/lib/x86_64-linux-gnu/libgudev-1.0.so.0.3.0
70dac9405000-70dac9406000 r--p 0000b000 08:21 20724923                   /usr/lib/x86_64-linux-gnu/libgudev-1.0.so.0.3.0
70dac9406000-70dac9407000 rw-p 0000c000 08:21 20724923                   /usr/lib/x86_64-linux-gnu/libgudev-1.0.so.0.3.0
70dac9407000-70dac950f000 r--p 00000000 08:21 20840959                   /usr/share/fonts/truetype/ubuntu/UbuntuSans[wdth,wght].ttf
70dac950f000-70dac9617000 r--p 00000000 08:21 20840959                   /usr/share/fonts/truetype/ubuntu/UbuntuSans[wdth,wght].ttf
70dac9617000-70dac9646000 r--p 00000000 08:21 20725403                   /usr/lib/x86_64-linux-gnu/libxml2.so.2.9.14
70dac9646000-70dac97ac000 r-xp 0002f000 08:21 20725403                   /usr/lib/x86_64-linux-gnu/libxml2.so.2.9.14
70dac97ac000-70dac97ee000 r--p 00195000 08:21 20725403                   /usr/lib/x86_64-linux-gnu/libxml2.so.2.9.14
70dac97ee000-70dac97f7000 r--p 001d6000 08:21 20725403                   /usr/lib/x86_64-linux-gnu/libxml2.so.2.9.14
70dac97f7000-70dac97f8000 rw-p 001df000 08:21 20725403                   /usr/lib/x86_64-linux-gnu/libxml2.so.2.9.14
70dac97f8000-70dac97f9000 rw-p 00000000 00:00 0 
70dac97f9000-70dac97fd000 ---p 00000000 00:00 0 
70dac97fd000-70dac98f9000 rw-p 00000000 00:00 0 
70dac98f9000-70dac98fd000 ---p 00000000 00:00 0 
70dac98fd000-70dac99f9000 rw-p 00000000 00:00 0 
70dac99f9000-70dac99fd000 ---p 00000000 00:00 0 
70dac99fd000-70dac9af9000 rw-p 00000000 00:00 0 
70dac9af9000-70dac9afa000 ---p 00000000 00:00 0 
70dac9afa000-70dac9bfa000 rw-p 00000000 00:00 0 
70dac9bfa000-70dac9bfb000 ---p 00000000 00:00 0 
70dac9bfb000-70dac9cfb000 rw-p 00000000 00:00 0 
70dac9cfb000-70dac9cfc000 ---p 00000000 00:00 0 
70dac9cfc000-70dac9dfc000 rw-p 00000000 00:00 0 
70dac9dfc000-70dac9dfd000 ---p 00000000 00:00 0 
70dac9dfd000-70dac9efd000 rw-p 00000000 00:00 0 
70dac9efd000-70dac9efe000 ---p 00000000 00:00 0 
70dac9efe000-70dac9ffe000 rw-p 00000000 00:00 0 
70dac9ffe000-70dac9fff000 ---p 00000000 00:00 0 
70dac9fff000-70daca0ff000 rw-p 00000000 00:00 0 
70daca0ff000-70daca100000 ---p 00000000 00:00 0 
70daca100000-70daca200000 rw-p 00000000 00:00 0 
70daca200000-70daca201000 ---p 00000000 00:00 0 
70daca201000-70dacaa01000 rw-p 00000000 00:00 0 
70dacaa01000-70dacaa03000 r--p 00000000 08:21 20714430                   /usr/lib/x86_64-linux-gnu/libatomic.so.1.2.0
70dacaa03000-70dacaa07000 r-xp 00002000 08:21 20714430                   /usr/lib/x86_64-linux-gnu/libatomic.so.1.2.0
70dacaa07000-70dacaa09000 r--p 00006000 08:21 20714430                   /usr/lib/x86_64-linux-gnu/libatomic.so.1.2.0
70dacaa09000-70dacaa0a000 r--p 00007000 08:21 20714430                   /usr/lib/x86_64-linux-gnu/libatomic.so.1.2.0
70dacaa0a000-70dacaa0b000 rw-p 00008000 08:21 20714430                   /usr/lib/x86_64-linux-gnu/libatomic.so.1.2.0
70dacaa0b000-70dacaa0c000 rw-p 00000000 00:00 0 
70dacaa0c000-70dacaa0f000 r--p 00000000 08:21 20724782                   /usr/lib/x86_64-linux-gnu/libenchant-2.so.2.3.3
70dacaa0f000-70dacaa15000 r-xp 00003000 08:21 20724782                   /usr/lib/x86_64-linux-gnu/libenchant-2.so.2.3.3
70dacaa15000-70dacaa17000 r--p 00009000 08:21 20724782                   /usr/lib/x86_64-linux-gnu/libenchant-2.so.2.3.3
70dacaa17000-70dacaa18000 r--p 0000b000 08:21 20724782                   /usr/lib/x86_64-linux-gnu/libenchant-2.so.2.3.3
70dacaa18000-70dacaa19000 rw-p 0000c000 08:21 20724782                   /usr/lib/x86_64-linux-gnu/libenchant-2.so.2.3.3
70dacaa19000-70dacaa1c000 r--p 00000000 08:21 20725123                   /usr/lib/x86_64-linux-gnu/libopus.so.0.9.0
70dacaa1c000-70dacaa66000 r-xp 00003000 08:21 20725123                   /usr/lib/x86_64-linux-gnu/libopus.so.0.9.0
70dacaa66000-70dacaa76000 r--p 0004d000 08:21 20725123                   /usr/lib/x86_64-linux-gnu/libopus.so.0.9.0
70dacaa76000-70dacaa77000 r--p 0005d000 08:21 20725123                   /usr/lib/x86_64-linux-gnu/libopus.so.0.9.0
70dacaa77000-70dacaa78000 rw-p 0005e000 08:21 20725123                   /usr/lib/x86_64-linux-gnu/libopus.so.0.9.0
70dacaa78000-70dacaa80000 r--p 00000000 08:21 20725251                   /usr/lib/x86_64-linux-gnu/libsndfile.so.1.0.37
70dacaa80000-70dacaae1000 r-xp 00008000 08:21 20725251                   /usr/lib/x86_64-linux-gnu/libsndfile.so.1.0.37
70dacaae1000-70dacaafa000 r--p 00069000 08:21 20725251                   /usr/lib/x86_64-linux-gnu/libsndfile.so.1.0.37
70dacaafa000-70dacaafd000 r--p 00081000 08:21 20725251                   /usr/lib/x86_64-linux-gnu/libsndfile.so.1.0.37
70dacaafd000-70dacaafe000 rw-p 00084000 08:21 20725251                   /usr/lib/x86_64-linux-gnu/libsndfile.so.1.0.37
70dacaafe000-70dacab00000 rw-p 00000000 00:00 0 
70dacab00000-70dacab04000 ---p 00000000 00:00 0 
70dacab04000-70dacac00000 rw-p 00000000 00:00 0 
70dacac00000-70dacac01000 ---p 00000000 00:00 0 
70dacac01000-70dacb401000 rw-p 00000000 00:00 0 
70dacb403000-70dacb404000 r--p 00000000 08:21 20724943                   /usr/lib/x86_64-linux-gnu/libhyphen.so.0.3.0
70dacb404000-70dacb408000 r-xp 00001000 08:21 20724943                   /usr/lib/x86_64-linux-gnu/libhyphen.so.0.3.0
70dacb408000-70dacb409000 r--p 00005000 08:21 20724943                   /usr/lib/x86_64-linux-gnu/libhyphen.so.0.3.0
70dacb409000-70dacb40a000 r--p 00005000 08:21 20724943                   /usr/lib/x86_64-linux-gnu/libhyphen.so.0.3.0
70dacb40a000-70dacb40b000 rw-p 00006000 08:21 20724943                   /usr/lib/x86_64-linux-gnu/libhyphen.so.0.3.0
70dacb40b000-70dacb40c000 r--p 00000000 08:21 20711711                   /usr/lib/x86_64-linux-gnu/libgstfft-1.0.so.0.2402.0
70dacb40c000-70dacb413000 r-xp 00001000 08:21 20711711                   /usr/lib/x86_64-linux-gnu/libgstfft-1.0.so.0.2402.0
70dacb413000-70dacb414000 r--p 00008000 08:21 20711711                   /usr/lib/x86_64-linux-gnu/libgstfft-1.0.so.0.2402.0
70dacb414000-70dacb415000 r--p 00009000 08:21 20711711                   /usr/lib/x86_64-linux-gnu/libgstfft-1.0.so.0.2402.0
70dacb415000-70dacb416000 rw-p 0000a000 08:21 20711711                   /usr/lib/x86_64-linux-gnu/libgstfft-1.0.so.0.2402.0
70dacb416000-70dacb41e000 r--p 00000000 08:21 20724503                   /usr/lib/x86_64-linux-gnu/libFLAC.so.12.1.0
70dacb41e000-70dacb470000 r-xp 00008000 08:21 20724503                   /usr/lib/x86_64-linux-gnu/libFLAC.so.12.1.0
70dacb470000-70dacb478000 r--p 0005a000 08:21 20724503                   /usr/lib/x86_64-linux-gnu/libFLAC.so.12.1.0
70dacb478000-70dacb479000 r--p 00062000 08:21 20724503                   /usr/lib/x86_64-linux-gnu/libFLAC.so.12.1.0
70dacb479000-70dacb47a000 rw-p 00063000 08:21 20724503                   /usr/lib/x86_64-linux-gnu/libFLAC.so.12.1.0
70dacb47a000-70dacb48c000 r--p 00000000 08:21 20728560                   /usr/lib/x86_64-linux-gnu/pulseaudio/libpulsecommon-16.1.so
70dacb48c000-70dacb4d6000 r-xp 00012000 08:21 20728560                   /usr/lib/x86_64-linux-gnu/pulseaudio/libpulsecommon-16.1.so
70dacb4d6000-70dacb4f5000 r--p 0005c000 08:21 20728560                   /usr/lib/x86_64-linux-gnu/pulseaudio/libpulsecommon-16.1.so
70dacb4f5000-70dacb4f7000 r--p 0007a000 08:21 20728560                   /usr/lib/x86_64-linux-gnu/pulseaudio/libpulsecommon-16.1.so
70dacb4f7000-70dacb4f8000 rw-p 0007c000 08:21 20728560                   /usr/lib/x86_64-linux-gnu/pulseaudio/libpulsecommon-16.1.so
70dacb4f8000-70dacb600000 r--p 00000000 08:21 20840959                   /usr/share/fonts/truetype/ubuntu/UbuntuSans[wdth,wght].ttf
70dacb600000-70dacb601000 ---p 00000000 00:00 0 
70dacb601000-70dacbe01000 rw-p 00000000 00:00 0 
70dacbe02000-70dacbe03000 r--p 00000000 08:21 20725369                   /usr/lib/x86_64-linux-gnu/libwoff2common.so.1.0.2
70dacbe03000-70dacbe04000 r-xp 00001000 08:21 20725369                   /usr/lib/x86_64-linux-gnu/libwoff2common.so.1.0.2
70dacbe04000-70dacbe05000 r--p 00002000 08:21 20725369                   /usr/lib/x86_64-linux-gnu/libwoff2common.so.1.0.2
70dacbe05000-70dacbe06000 r--p 00002000 08:21 20725369                   /usr/lib/x86_64-linux-gnu/libwoff2common.so.1.0.2
70dacbe06000-70dacbe07000 rw-p 00003000 08:21 20725369                   /usr/lib/x86_64-linux-gnu/libwoff2common.so.1.0.2
70dacbe07000-70dacbe0b000 ---p 00000000 00:00 0 
70dacbe0b000-70dacbe29000 rw-p 00000000 00:00 0 
70dacbe29000-70dacbe35000 r--p 00000000 08:21 20725190                   /usr/lib/x86_64-linux-gnu/libpulse.so.0.24.2
70dacbe35000-70dacbe66000 r-xp 0000c000 08:21 20725190                   /usr/lib/x86_64-linux-gnu/libpulse.so.0.24.2
70dacbe66000-70dacbe77000 r--p 0003d000 08:21 20725190                   /usr/lib/x86_64-linux-gnu/libpulse.so.0.24.2
70dacbe77000-70dacbe79000 r--p 0004d000 08:21 20725190                   /usr/lib/x86_64-linux-gnu/libpulse.so.0.24.2
70dacbe79000-70dacbe7a000 rw-p 0004f000 08:21 20725190                   /usr/lib/x86_64-linux-gnu/libpulse.so.0.24.2
70dacbe7a000-70dacbe7e000 r--p 00000000 08:21 20711566                   /usr/lib/x86_64-linux-gnu/libgcc_s.so.1
70dacbe7e000-70dacbea2000 r-xp 00004000 08:21 20711566                   /usr/lib/x86_64-linux-gnu/libgcc_s.so.1
70dacbea2000-70dacbea6000 r--p 00028000 08:21 20711566                   /usr/lib/x86_64-linux-gnu/libgcc_s.so.1
70dacbea6000-70dacbea7000 r--p 0002b000 08:21 20711566                   /usr/lib/x86_64-linux-gnu/libgcc_s.so.1
70dacbea7000-70dacbea8000 rw-p 0002c000 08:21 20711566                   /usr/lib/x86_64-linux-gnu/libgcc_s.so.1
70dacbea8000-70dacbef8000 r--p 00000000 08:21 20867364                   /usr/share/icons/Humanity/icon-theme.cache
70dacbef8000-70dacc000000 r--p 00000000 08:21 20840959                   /usr/share/fonts/truetype/ubuntu/UbuntuSans[wdth,wght].ttf
70dacc000000-70dacc0b5000 rw-p 00000000 00:00 0 
70dacc0b5000-70dad0000000 ---p 00000000 00:00 0 
70dad0000000-70dad0021000 rw-p 00000000 00:00 0 
70dad0021000-70dad4000000 ---p 00000000 00:00 0 
70dad4002000-70dad4003000 r--p 00000000 08:21 20724933                   /usr/lib/x86_64-linux-gnu/libharfbuzz-icu.so.0.60830.0
70dad4003000-70dad4004000 r-xp 00001000 08:21 20724933                   /usr/lib/x86_64-linux-gnu/libharfbuzz-icu.so.0.60830.0
70dad4004000-70dad4005000 r--p 00002000 08:21 20724933                   /usr/lib/x86_64-linux-gnu/libharfbuzz-icu.so.0.60830.0
70dad4005000-70dad4006000 r--p 00002000 08:21 20724933                   /usr/lib/x86_64-linux-gnu/libharfbuzz-icu.so.0.60830.0
70dad4006000-70dad4007000 rw-p 00003000 08:21 20724933                   /usr/lib/x86_64-linux-gnu/libharfbuzz-icu.so.0.60830.0
70dad4007000-70dad400a000 r--p 00000000 08:21 20710162                   /usr/lib/x86_64-linux-gnu/libapparmor.so.1.17.1
70dad400a000-70dad4013000 r-xp 00003000 08:21 20710162                   /usr/lib/x86_64-linux-gnu/libapparmor.so.1.17.1
70dad4013000-70dad4019000 r--p 0000c000 08:21 20710162                   /usr/lib/x86_64-linux-gnu/libapparmor.so.1.17.1
70dad4019000-70dad401a000 r--p 00012000 08:21 20710162                   /usr/lib/x86_64-linux-gnu/libapparmor.so.1.17.1
70dad401a000-70dad401b000 rw-p 00013000 08:21 20710162                   /usr/lib/x86_64-linux-gnu/libapparmor.so.1.17.1
70dad401b000-70dad401d000 r--p 00000000 08:21 20724633                   /usr/lib/x86_64-linux-gnu/libasyncns.so.0.3.1
70dad401d000-70dad4020000 r-xp 00002000 08:21 20724633                   /usr/lib/x86_64-linux-gnu/libasyncns.so.0.3.1
70dad4020000-70dad4021000 r--p 00005000 08:21 20724633                   /usr/lib/x86_64-linux-gnu/libasyncns.so.0.3.1
70dad4021000-70dad4022000 r--p 00005000 08:21 20724633                   /usr/lib/x86_64-linux-gnu/libasyncns.so.0.3.1
70dad4022000-70dad4023000 rw-p 00006000 08:21 20724633                   /usr/lib/x86_64-linux-gnu/libasyncns.so.0.3.1
70dad4023000-70dad4024000 r--p 00000000 08:21 20724524                   /usr/lib/x86_64-linux-gnu/libX11-xcb.so.1.0.0
70dad4024000-70dad4025000 r-xp 00001000 08:21 20724524                   /usr/lib/x86_64-linux-gnu/libX11-xcb.so.1.0.0
70dad4025000-70dad4026000 r--p 00002000 08:21 20724524                   /usr/lib/x86_64-linux-gnu/libX11-xcb.so.1.0.0
70dad4026000-70dad4027000 r--p 00002000 08:21 20724524                   /usr/lib/x86_64-linux-gnu/libX11-xcb.so.1.0.0
70dad4027000-70dad4028000 rw-p 00003000 08:21 20724524                   /usr/lib/x86_64-linux-gnu/libX11-xcb.so.1.0.0
70dad4028000-70dad4038000 r--p 00000000 08:21 20724944                   /usr/lib/x86_64-linux-gnu/libibus-1.0.so.5.0.529
70dad4038000-70dad4070000 r-xp 00010000 08:21 20724944                   /usr/lib/x86_64-linux-gnu/libibus-1.0.so.5.0.529
70dad4070000-70dad40a8000 r--p 00048000 08:21 20724944                   /usr/lib/x86_64-linux-gnu/libibus-1.0.so.5.0.529
70dad40a8000-70dad40aa000 r--p 00080000 08:21 20724944                   /usr/lib/x86_64-linux-gnu/libibus-1.0.so.5.0.529
70dad40aa000-70dad40ab000 rw-p 00082000 08:21 20724944                   /usr/lib/x86_64-linux-gnu/libibus-1.0.so.5.0.529
70dad40ab000-70dad40ff000 r--p 00000000 08:21 20840616                   /usr/share/fonts/truetype/dejavu/DejaVuSansMono.ttf
70dad40ff000-70dad415a000 r--s 00000000 08:21 15861695                   /home/ro/.cache/fontconfig/2300eef321c393bfd76478a5c0e95b23-le64.cache-9
70dad415a000-70dad41cc000 r--s 00000000 08:21 15861694                   /home/ro/.cache/fontconfig/0bd3dc0958fa2205aaaa8ebb13e2872b-le64.cache-9
70dad41cc000-70dad41cd000 r--p 00000000 08:21 20725359                   /usr/lib/x86_64-linux-gnu/libwebpdemux.so.2.0.14
70dad41cd000-70dad41d0000 r-xp 00001000 08:21 20725359                   /usr/lib/x86_64-linux-gnu/libwebpdemux.so.2.0.14
70dad41d0000-70dad41d1000 r--p 00004000 08:21 20725359                   /usr/lib/x86_64-linux-gnu/libwebpdemux.so.2.0.14
70dad41d1000-70dad41d2000 r--p 00004000 08:21 20725359                   /usr/lib/x86_64-linux-gnu/libwebpdemux.so.2.0.14
70dad41d2000-70dad41d3000 rw-p 00005000 08:21 20725359                   /usr/lib/x86_64-linux-gnu/libwebpdemux.so.2.0.14
70dad41d3000-70dad41d4000 r--p 00000000 08:21 20725104                   /usr/lib/x86_64-linux-gnu/libnss_mdns4_minimal.so.2
70dad41d4000-70dad41d6000 r-xp 00001000 08:21 20725104                   /usr/lib/x86_64-linux-gnu/libnss_mdns4_minimal.so.2
70dad41d6000-70dad41d7000 r--p 00003000 08:21 20725104                   /usr/lib/x86_64-linux-gnu/libnss_mdns4_minimal.so.2
70dad41d7000-70dad41d8000 r--p 00003000 08:21 20725104                   /usr/lib/x86_64-linux-gnu/libnss_mdns4_minimal.so.2
70dad41d8000-70dad41d9000 rw-p 00004000 08:21 20725104                   /usr/lib/x86_64-linux-gnu/libnss_mdns4_minimal.so.2
70dad41d9000-70dad41eb000 r--p 00000000 08:21 20995065                   /usr/share/locale-langpack/de/LC_MESSAGES/pulseaudio.mo
70dad41eb000-70dad41ed000 r--p 00000000 08:21 20726791                   /usr/lib/x86_64-linux-gnu/libcanberra-0.30/libcanberra-pulse.so
70dad41ed000-70dad41f1000 r-xp 00002000 08:21 20726791                   /usr/lib/x86_64-linux-gnu/libcanberra-0.30/libcanberra-pulse.so
70dad41f1000-70dad41f2000 r--p 00006000 08:21 20726791                   /usr/lib/x86_64-linux-gnu/libcanberra-0.30/libcanberra-pulse.so
70dad41f2000-70dad41f3000 r--p 00006000 08:21 20726791                   /usr/lib/x86_64-linux-gnu/libcanberra-0.30/libcanberra-pulse.so
70dad41f3000-70dad41f4000 rw-p 00007000 08:21 20726791                   /usr/lib/x86_64-linux-gnu/libcanberra-0.30/libcanberra-pulse.so
70dad41f4000-70dad41f5000 r--p 00000000 08:21 20743600                   /usr/lib/x86_64-linux-gnu/libgthread-2.0.so.0.8000.0
70dad41f5000-70dad41f6000 r-xp 00001000 08:21 20743600                   /usr/lib/x86_64-linux-gnu/libgthread-2.0.so.0.8000.0
70dad41f6000-70dad41f7000 r--p 00002000 08:21 20743600                   /usr/lib/x86_64-linux-gnu/libgthread-2.0.so.0.8000.0
70dad41f7000-70dad41f8000 r--p 00002000 08:21 20743600                   /usr/lib/x86_64-linux-gnu/libgthread-2.0.so.0.8000.0
70dad41f8000-70dad41f9000 rw-p 00003000 08:21 20743600                   /usr/lib/x86_64-linux-gnu/libgthread-2.0.so.0.8000.0
70dad41fc000-70dad4201000 r-xp 00000000 08:23 23725373                   /opt/eclipse/plugins/org.eclipse.justj.openjdk.hotspot.jre.full.linux.x86_64_21.0.4.v20240802-1551/jre/lib/libmanagement_ext.so
70dad4201000-70dad4202000 ---p 00005000 08:23 23725373                   /opt/eclipse/plugins/org.eclipse.justj.openjdk.hotspot.jre.full.linux.x86_64_21.0.4.v20240802-1551/jre/lib/libmanagement_ext.so
70dad4202000-70dad4203000 r--p 00005000 08:23 23725373                   /opt/eclipse/plugins/org.eclipse.justj.openjdk.hotspot.jre.full.linux.x86_64_21.0.4.v20240802-1551/jre/lib/libmanagement_ext.so
70dad4203000-70dad4204000 rw-p 00006000 08:23 23725373                   /opt/eclipse/plugins/org.eclipse.justj.openjdk.hotspot.jre.full.linux.x86_64_21.0.4.v20240802-1551/jre/lib/libmanagement_ext.so
70dad4204000-70dad4208000 r-xp 00000000 08:23 23725361                   /opt/eclipse/plugins/org.eclipse.justj.openjdk.hotspot.jre.full.linux.x86_64_21.0.4.v20240802-1551/jre/lib/libmanagement.so
70dad4208000-70dad4209000 r--p 00003000 08:23 23725361                   /opt/eclipse/plugins/org.eclipse.justj.openjdk.hotspot.jre.full.linux.x86_64_21.0.4.v20240802-1551/jre/lib/libmanagement.so
70dad4209000-70dad420a000 rw-p 00004000 08:23 23725361                   /opt/eclipse/plugins/org.eclipse.justj.openjdk.hotspot.jre.full.linux.x86_64_21.0.4.v20240802-1551/jre/lib/libmanagement.so
70dad420a000-70dad420d000 r--p 00000000 08:21 20726766                   /usr/lib/x86_64-linux-gnu/gtk-3.0/3.0.0/immodules/im-ibus.so
70dad420d000-70dad4211000 r-xp 00003000 08:21 20726766                   /usr/lib/x86_64-linux-gnu/gtk-3.0/3.0.0/immodules/im-ibus.so
70dad4211000-70dad4213000 r--p 00007000 08:21 20726766                   /usr/lib/x86_64-linux-gnu/gtk-3.0/3.0.0/immodules/im-ibus.so
70dad4213000-70dad4214000 r--p 00008000 08:21 20726766                   /usr/lib/x86_64-linux-gnu/gtk-3.0/3.0.0/immodules/im-ibus.so
70dad4214000-70dad4215000 rw-p 00009000 08:21 20726766                   /usr/lib/x86_64-linux-gnu/gtk-3.0/3.0.0/immodules/im-ibus.so
70dad4215000-70dad4222000 r-xp 00000000 08:23 23725344                   /opt/eclipse/plugins/org.eclipse.justj.openjdk.hotspot.jre.full.linux.x86_64_21.0.4.v20240802-1551/jre/lib/libverify.so
70dad4222000-70dad4224000 r--p 0000c000 08:23 23725344                   /opt/eclipse/plugins/org.eclipse.justj.openjdk.hotspot.jre.full.linux.x86_64_21.0.4.v20240802-1551/jre/lib/libverify.so
70dad4224000-70dad4225000 rw-p 0000e000 08:23 23725344                   /opt/eclipse/plugins/org.eclipse.justj.openjdk.hotspot.jre.full.linux.x86_64_21.0.4.v20240802-1551/jre/lib/libverify.so
70dad4225000-70dad4233000 r--s 00000000 08:21 15861696                   /home/ro/.cache/fontconfig/a4e60e8d1e10d2fdff3fe3037a1845fb-le64.cache-9
70dad4233000-70dad4235000 r-xp 00000000 08:23 23725375                   /opt/eclipse/plugins/org.eclipse.justj.openjdk.hotspot.jre.full.linux.x86_64_21.0.4.v20240802-1551/jre/lib/libextnet.so
70dad4235000-70dad4236000 r--p 00001000 08:23 23725375                   /opt/eclipse/plugins/org.eclipse.justj.openjdk.hotspot.jre.full.linux.x86_64_21.0.4.v20240802-1551/jre/lib/libextnet.so
70dad4236000-70dad4237000 rw-p 00002000 08:23 23725375                   /opt/eclipse/plugins/org.eclipse.justj.openjdk.hotspot.jre.full.linux.x86_64_21.0.4.v20240802-1551/jre/lib/libextnet.so
70dad4237000-70dad423d000 r--s 00000000 08:21 8917706                    /var/cache/fontconfig/93a229ddef8289df64ac13624924bd14-le64.cache-9
70dad423d000-70dad4241000 r--s 00000000 08:21 8913290                    /var/cache/fontconfig/62a296f92cd800a49657533f3dfe810f-le64.cache-9
70dad4241000-70dad4250000 r--s 00000000 08:21 15861690                   /home/ro/.cache/fontconfig/6cc790b63b123a6a96ee260fcdad32a9-le64.cache-9
70dad4250000-70dad4261000 r--s 00000000 08:21 15861689                   /home/ro/.cache/fontconfig/9b89f8e3dae116d678bbf48e5f21f69b-le64.cache-9
70dad4262000-70dad426a000 r--s 00000000 08:21 15861693                   /home/ro/.cache/fontconfig/3047814df9a2f067bd2d96a2b9c36e5a-le64.cache-9
70dad426d000-70dad4272000 r--s 00000000 08:21 8913337                    /var/cache/fontconfig/6aa41aa22e18b8fa06a12da28ea9c28b-le64.cache-9
70dad4272000-70dad429e000 r--s 00000000 08:21 8914074                    /var/cache/fontconfig/e13b20fdb08344e0e664864cc2ede53d-le64.cache-9
70dad429e000-70dad42c3000 r--s 00000000 08:21 8915382                    /var/cache/fontconfig/467c019e582ee353435ea5c21d137ef6-le64.cache-9
70dad42c5000-70dad42c7000 r--p 00000000 08:21 20715169                   /usr/lib/x86_64-linux-gnu/gdk-pixbuf-2.0/2.10.0/loaders/libpixbufloader-gif.so
70dad42c7000-70dad42ca000 r-xp 00002000 08:21 20715169                   /usr/lib/x86_64-linux-gnu/gdk-pixbuf-2.0/2.10.0/loaders/libpixbufloader-gif.so
70dad42ca000-70dad42cb000 r--p 00005000 08:21 20715169                   /usr/lib/x86_64-linux-gnu/gdk-pixbuf-2.0/2.10.0/loaders/libpixbufloader-gif.so
70dad42cb000-70dad42cc000 r--p 00005000 08:21 20715169                   /usr/lib/x86_64-linux-gnu/gdk-pixbuf-2.0/2.10.0/loaders/libpixbufloader-gif.so
70dad42cc000-70dad42cd000 rw-p 00006000 08:21 20715169                   /usr/lib/x86_64-linux-gnu/gdk-pixbuf-2.0/2.10.0/loaders/libpixbufloader-gif.so
70dad42cd000-70dad42ce000 r--p 00000000 08:21 20726454                   /usr/lib/x86_64-linux-gnu/gdk-pixbuf-2.0/2.10.0/loaders/libpixbufloader-svg.so
70dad42ce000-70dad42cf000 r-xp 00001000 08:21 20726454                   /usr/lib/x86_64-linux-gnu/gdk-pixbuf-2.0/2.10.0/loaders/libpixbufloader-svg.so
70dad42cf000-70dad42d0000 r--p 00002000 08:21 20726454                   /usr/lib/x86_64-linux-gnu/gdk-pixbuf-2.0/2.10.0/loaders/libpixbufloader-svg.so
70dad42d0000-70dad42d1000 r--p 00002000 08:21 20726454                   /usr/lib/x86_64-linux-gnu/gdk-pixbuf-2.0/2.10.0/loaders/libpixbufloader-svg.so
70dad42d1000-70dad42d2000 rw-p 00003000 08:21 20726454                   /usr/lib/x86_64-linux-gnu/gdk-pixbuf-2.0/2.10.0/loaders/libpixbufloader-svg.so
70dad42d2000-70dad42e8000 r--p 00000000 08:21 23239525                   /usr/share/icons/gnome/icon-theme.cache
70dad42e8000-70dad42ef000 r--p 00000000 08:21 20841719                   /usr/share/icons/hicolor/icon-theme.cache
70dad42ef000-70dad42f9000 r--p 00000000 08:21 20861317                   /usr/share/icons/Adwaita/icon-theme.cache
70dad42f9000-70dad4327000 r--p 00000000 08:21 20874252                   /usr/share/icons/Yaru/icon-theme.cache
70dad4327000-70dad4351000 r--s 00000000 08:21 20711539                   /usr/share/mime/mime.cache
70dad4351000-70dad4354000 r--p 00000000 08:21 20725338                   /usr/lib/x86_64-linux-gnu/libvorbis.so.0.4.9
70dad4354000-70dad436c000 r-xp 00003000 08:21 20725338                   /usr/lib/x86_64-linux-gnu/libvorbis.so.0.4.9
70dad436c000-70dad437d000 r--p 0001b000 08:21 20725338                   /usr/lib/x86_64-linux-gnu/libvorbis.so.0.4.9
70dad437d000-70dad437e000 r--p 0002b000 08:21 20725338                   /usr/lib/x86_64-linux-gnu/libvorbis.so.0.4.9
70dad437e000-70dad437f000 rw-p 0002c000 08:21 20725338                   /usr/lib/x86_64-linux-gnu/libvorbis.so.0.4.9
70dad437f000-70dad4383000 r--p 00000000 08:21 20711709                   /usr/lib/x86_64-linux-gnu/libgstapp-1.0.so.0.2402.0
70dad4383000-70dad438f000 r-xp 00004000 08:21 20711709                   /usr/lib/x86_64-linux-gnu/libgstapp-1.0.so.0.2402.0
70dad438f000-70dad4393000 r--p 00010000 08:21 20711709                   /usr/lib/x86_64-linux-gnu/libgstapp-1.0.so.0.2402.0
70dad4393000-70dad4394000 r--p 00014000 08:21 20711709                   /usr/lib/x86_64-linux-gnu/libgstapp-1.0.so.0.2402.0
70dad4394000-70dad4395000 rw-p 00015000 08:21 20711709                   /usr/lib/x86_64-linux-gnu/libgstapp-1.0.so.0.2402.0
70dad4395000-70dad43e9000 r--p 00000000 08:21 20840616                   /usr/share/fonts/truetype/dejavu/DejaVuSansMono.ttf
70dad43e9000-70dad43f6000 r--s 00000000 08:21 8914535                    /var/cache/fontconfig/d589a48862398ed80a3d6066f4f56f4c-le64.cache-9
70dad43f6000-70dad43f8000 r--p 00000000 08:21 20725119                   /usr/lib/x86_64-linux-gnu/libogg.so.0.8.5
70dad43f8000-70dad43fb000 r-xp 00002000 08:21 20725119                   /usr/lib/x86_64-linux-gnu/libogg.so.0.8.5
70dad43fb000-70dad43fe000 r--p 00005000 08:21 20725119                   /usr/lib/x86_64-linux-gnu/libogg.so.0.8.5
70dad43fe000-70dad43ff000 r--p 00007000 08:21 20725119                   /usr/lib/x86_64-linux-gnu/libogg.so.0.8.5
70dad43ff000-70dad4400000 rw-p 00008000 08:21 20725119                   /usr/lib/x86_64-linux-gnu/libogg.so.0.8.5
70dad4400000-70dad4401000 ---p 00000000 00:00 0 
70dad4401000-70dad4c01000 rw-p 00000000 00:00 0 
70dad4c01000-70dad4c0a000 r--s 00000000 08:21 8914237                    /var/cache/fontconfig/bf3b770c553c462765856025a94f1ce6-le64.cache-9
70dad4c0a000-70dad4c0c000 r--p 00000000 08:21 20725009                   /usr/lib/x86_64-linux-gnu/libltdl.so.7.3.2
70dad4c0c000-70dad4c11000 r-xp 00002000 08:21 20725009                   /usr/lib/x86_64-linux-gnu/libltdl.so.7.3.2
70dad4c11000-70dad4c13000 r--p 00007000 08:21 20725009                   /usr/lib/x86_64-linux-gnu/libltdl.so.7.3.2
70dad4c13000-70dad4c14000 r--p 00008000 08:21 20725009                   /usr/lib/x86_64-linux-gnu/libltdl.so.7.3.2
70dad4c14000-70dad4c15000 rw-p 00009000 08:21 20725009                   /usr/lib/x86_64-linux-gnu/libltdl.so.7.3.2
70dad4c15000-70dad4c19000 r--p 00000000 08:21 20725284                   /usr/lib/x86_64-linux-gnu/libtdb.so.1.4.10
70dad4c19000-70dad4c27000 r-xp 00004000 08:21 20725284                   /usr/lib/x86_64-linux-gnu/libtdb.so.1.4.10
70dad4c27000-70dad4c2c000 r--p 00012000 08:21 20725284                   /usr/lib/x86_64-linux-gnu/libtdb.so.1.4.10
70dad4c2c000-70dad4c2d000 r--p 00016000 08:21 20725284                   /usr/lib/x86_64-linux-gnu/libtdb.so.1.4.10
70dad4c2d000-70dad4c2e000 rw-p 00017000 08:21 20725284                   /usr/lib/x86_64-linux-gnu/libtdb.so.1.4.10
70dad4c2e000-70dad4c30000 r--p 00000000 08:21 20725340                   /usr/lib/x86_64-linux-gnu/libvorbisfile.so.3.3.8
70dad4c30000-70dad4c35000 r-xp 00002000 08:21 20725340                   /usr/lib/x86_64-linux-gnu/libvorbisfile.so.3.3.8
70dad4c35000-70dad4c36000 r--p 00007000 08:21 20725340                   /usr/lib/x86_64-linux-gnu/libvorbisfile.so.3.3.8
70dad4c36000-70dad4c37000 r--p 00007000 08:21 20725340                   /usr/lib/x86_64-linux-gnu/libvorbisfile.so.3.3.8
70dad4c37000-70dad4c38000 rw-p 00008000 08:21 20725340                   /usr/lib/x86_64-linux-gnu/libvorbisfile.so.3.3.8
70dad4c38000-70dad4c3b000 r--p 00000000 08:21 20724695                   /usr/lib/x86_64-linux-gnu/libcanberra.so.0.2.5
70dad4c3b000-70dad4c46000 r-xp 00003000 08:21 20724695                   /usr/lib/x86_64-linux-gnu/libcanberra.so.0.2.5
70dad4c46000-70dad4c49000 r--p 0000e000 08:21 20724695                   /usr/lib/x86_64-linux-gnu/libcanberra.so.0.2.5
70dad4c49000-70dad4c4a000 r--p 00010000 08:21 20724695                   /usr/lib/x86_64-linux-gnu/libcanberra.so.0.2.5
70dad4c4a000-70dad4c4b000 rw-p 00011000 08:21 20724695                   /usr/lib/x86_64-linux-gnu/libcanberra.so.0.2.5
70dad4c4b000-70dad4c5a000 r--s 00000000 08:21 8917843                    /var/cache/fontconfig/8f02d4cb045bd6ce15663e43f347c9f8-le64.cache-9
70dad4c5a000-70dad4c60000 r--p 00000000 08:21 20994640                   /usr/share/locale-langpack/de/LC_MESSAGES/gdk-pixbuf.mo
70dad4c60000-70dad4c61000 r--p 00000000 08:21 20715168                   /usr/lib/x86_64-linux-gnu/gdk-pixbuf-2.0/2.10.0/loaders/libpixbufloader-bmp.so
70dad4c61000-70dad4c64000 r-xp 00001000 08:21 20715168                   /usr/lib/x86_64-linux-gnu/gdk-pixbuf-2.0/2.10.0/loaders/libpixbufloader-bmp.so
70dad4c64000-70dad4c65000 r--p 00004000 08:21 20715168                   /usr/lib/x86_64-linux-gnu/gdk-pixbuf-2.0/2.10.0/loaders/libpixbufloader-bmp.so
70dad4c65000-70dad4c66000 r--p 00004000 08:21 20715168                   /usr/lib/x86_64-linux-gnu/gdk-pixbuf-2.0/2.10.0/loaders/libpixbufloader-bmp.so
70dad4c66000-70dad4c67000 rw-p 00005000 08:21 20715168                   /usr/lib/x86_64-linux-gnu/gdk-pixbuf-2.0/2.10.0/loaders/libpixbufloader-bmp.so
70dad4c67000-70dad4c69000 r--p 00000000 08:21 20726778                   /usr/lib/x86_64-linux-gnu/gtk-3.0/modules/libcanberra-gtk3-module.so
70dad4c69000-70dad4c6c000 r-xp 00002000 08:21 20726778                   /usr/lib/x86_64-linux-gnu/gtk-3.0/modules/libcanberra-gtk3-module.so
70dad4c6c000-70dad4c6d000 r--p 00005000 08:21 20726778                   /usr/lib/x86_64-linux-gnu/gtk-3.0/modules/libcanberra-gtk3-module.so
70dad4c6d000-70dad4c6e000 r--p 00005000 08:21 20726778                   /usr/lib/x86_64-linux-gnu/gtk-3.0/modules/libcanberra-gtk3-module.so
70dad4c6e000-70dad4c6f000 rw-p 00006000 08:21 20726778                   /usr/lib/x86_64-linux-gnu/gtk-3.0/modules/libcanberra-gtk3-module.so
70dad4c6f000-70dad4cb0000 rw-p 00000000 00:00 0 
70dad4cb0000-70dad4cc2000 r--p 00000000 08:21 20726785                   /usr/lib/x86_64-linux-gnu/gvfs/libgvfscommon.so
70dad4cc2000-70dad4cde000 r-xp 00012000 08:21 20726785                   /usr/lib/x86_64-linux-gnu/gvfs/libgvfscommon.so
70dad4cde000-70dad4cea000 r--p 0002e000 08:21 20726785                   /usr/lib/x86_64-linux-gnu/gvfs/libgvfscommon.so
70dad4cea000-70dad4cf0000 r--p 00039000 08:21 20726785                   /usr/lib/x86_64-linux-gnu/gvfs/libgvfscommon.so
70dad4cf0000-70dad4cf1000 rw-p 0003f000 08:21 20726785                   /usr/lib/x86_64-linux-gnu/gvfs/libgvfscommon.so
70dad4cf1000-70dad4cfb000 r--p 00000000 08:21 20726466                   /usr/lib/x86_64-linux-gnu/gio/modules/libgvfsdbus.so
70dad4cfb000-70dad4d19000 r-xp 0000a000 08:21 20726466                   /usr/lib/x86_64-linux-gnu/gio/modules/libgvfsdbus.so
70dad4d19000-70dad4d22000 r--p 00028000 08:21 20726466                   /usr/lib/x86_64-linux-gnu/gio/modules/libgvfsdbus.so
70dad4d22000-70dad4d24000 r--p 00030000 08:21 20726466                   /usr/lib/x86_64-linux-gnu/gio/modules/libgvfsdbus.so
70dad4d24000-70dad4d25000 rw-p 00032000 08:21 20726466                   /usr/lib/x86_64-linux-gnu/gio/modules/libgvfsdbus.so
70dad4d25000-70dad4dd9000 r--p 00000000 08:21 21113907                   /usr/share/themes/Yaru/gtk-3.0/gtk.gresource
70dad4dd9000-70dad4dfd000 r--p 00000000 08:21 20995249                   /usr/share/locale-langpack/de/LC_MESSAGES/glib20.mo
70dad4dfd000-70dad4e31000 r--p 00000000 08:21 20995299                   /usr/share/locale-langpack/de/LC_MESSAGES/gtk30-properties.mo
70dad4e31000-70dad4e56000 r--p 00000000 08:21 20994740                   /usr/share/locale-langpack/de/LC_MESSAGES/libc.mo
70dad4e56000-70dad4e5a000 r--p 00000000 08:21 20724879                   /usr/lib/x86_64-linux-gnu/libgpg-error.so.0.34.0
70dad4e5a000-70dad4e70000 r-xp 00004000 08:21 20724879                   /usr/lib/x86_64-linux-gnu/libgpg-error.so.0.34.0
70dad4e70000-70dad4e79000 r--p 0001a000 08:21 20724879                   /usr/lib/x86_64-linux-gnu/libgpg-error.so.0.34.0
70dad4e79000-70dad4e7a000 r--p 00023000 08:21 20724879                   /usr/lib/x86_64-linux-gnu/libgpg-error.so.0.34.0
70dad4e7a000-70dad4e7b000 rw-p 00024000 08:21 20724879                   /usr/lib/x86_64-linux-gnu/libgpg-error.so.0.34.0
70dad4e7b000-70dad4e7f000 r--p 00000000 08:21 20715638                   /usr/lib/x86_64-linux-gnu/libzstd.so.1.5.5
70dad4e7f000-70dad4f26000 r-xp 00004000 08:21 20715638                   /usr/lib/x86_64-linux-gnu/libzstd.so.1.5.5
70dad4f26000-70dad4f33000 r--p 000ab000 08:21 20715638                   /usr/lib/x86_64-linux-gnu/libzstd.so.1.5.5
70dad4f33000-70dad4f34000 r--p 000b7000 08:21 20715638                   /usr/lib/x86_64-linux-gnu/libzstd.so.1.5.5
70dad4f34000-70dad4f35000 rw-p 000b8000 08:21 20715638                   /usr/lib/x86_64-linux-gnu/libzstd.so.1.5.5
70dad4f35000-70dad4f38000 r--p 00000000 08:21 20711481                   /usr/lib/x86_64-linux-gnu/liblzma.so.5.4.5
70dad4f38000-70dad4f5a000 r-xp 00003000 08:21 20711481                   /usr/lib/x86_64-linux-gnu/liblzma.so.5.4.5
70dad4f5a000-70dad4f65000 r--p 00025000 08:21 20711481                   /usr/lib/x86_64-linux-gnu/liblzma.so.5.4.5
70dad4f65000-70dad4f66000 r--p 00030000 08:21 20711481                   /usr/lib/x86_64-linux-gnu/liblzma.so.5.4.5
70dad4f66000-70dad4f67000 rw-p 00031000 08:21 20711481                   /usr/lib/x86_64-linux-gnu/liblzma.so.5.4.5
70dad4f67000-70dad4f6a000 r--p 00000000 08:21 20714576                   /usr/lib/x86_64-linux-gnu/liblz4.so.1.9.4
70dad4f6a000-70dad4f85000 r-xp 00003000 08:21 20714576                   /usr/lib/x86_64-linux-gnu/liblz4.so.1.9.4
70dad4f85000-70dad4f87000 r--p 0001e000 08:21 20714576                   /usr/lib/x86_64-linux-gnu/liblz4.so.1.9.4
70dad4f87000-70dad4f88000 r--p 00020000 08:21 20714576                   /usr/lib/x86_64-linux-gnu/liblz4.so.1.9.4
70dad4f88000-70dad4f89000 rw-p 00021000 08:21 20714576                   /usr/lib/x86_64-linux-gnu/liblz4.so.1.9.4
70dad4f89000-70dad4f98000 r--p 00000000 08:21 20724839                   /usr/lib/x86_64-linux-gnu/libgcrypt.so.20.4.3
70dad4f98000-70dad508c000 r-xp 0000f000 08:21 20724839                   /usr/lib/x86_64-linux-gnu/libgcrypt.so.20.4.3
70dad508c000-70dad50c7000 r--p 00103000 08:21 20724839                   /usr/lib/x86_64-linux-gnu/libgcrypt.so.20.4.3
70dad50c7000-70dad50cc000 r--p 0013e000 08:21 20724839                   /usr/lib/x86_64-linux-gnu/libgcrypt.so.20.4.3
70dad50cc000-70dad50d0000 rw-p 00143000 08:21 20724839                   /usr/lib/x86_64-linux-gnu/libgcrypt.so.20.4.3
70dad50d0000-70dad50d1000 rw-p 00000000 00:00 0 
70dad50d1000-70dad50e7000 r--p 00000000 08:21 20716071                   /usr/lib/x86_64-linux-gnu/libsystemd.so.0.38.0
70dad50e7000-70dad5176000 r-xp 00016000 08:21 20716071                   /usr/lib/x86_64-linux-gnu/libsystemd.so.0.38.0
70dad5176000-70dad51a4000 r--p 000a5000 08:21 20716071                   /usr/lib/x86_64-linux-gnu/libsystemd.so.0.38.0
70dad51a4000-70dad51af000 r--p 000d2000 08:21 20716071                   /usr/lib/x86_64-linux-gnu/libsystemd.so.0.38.0
70dad51af000-70dad51b0000 rw-p 000dd000 08:21 20716071                   /usr/lib/x86_64-linux-gnu/libsystemd.so.0.38.0
70dad51b0000-70dad51b1000 rw-p 00000000 00:00 0 
70dad51b1000-70dad51bd000 r--p 00000000 08:21 20711675                   /usr/lib/x86_64-linux-gnu/libdbus-1.so.3.32.4
70dad51bd000-70dad51ed000 r-xp 0000c000 08:21 20711675                   /usr/lib/x86_64-linux-gnu/libdbus-1.so.3.32.4
70dad51ed000-70dad51fe000 r--p 0003c000 08:21 20711675                   /usr/lib/x86_64-linux-gnu/libdbus-1.so.3.32.4
70dad51fe000-70dad51ff000 r--p 0004c000 08:21 20711675                   /usr/lib/x86_64-linux-gnu/libdbus-1.so.3.32.4
70dad51ff000-70dad5200000 rw-p 0004d000 08:21 20711675                   /usr/lib/x86_64-linux-gnu/libdbus-1.so.3.32.4
70dad5200000-70dad5283000 r--p 00000000 08:21 20712855                   /usr/lib/x86_64-linux-gnu/libgtk-3.so.0.2409.32
70dad5283000-70dad5631000 r-xp 00083000 08:21 20712855                   /usr/lib/x86_64-linux-gnu/libgtk-3.so.0.2409.32
70dad5631000-70dad59af000 r--p 00431000 08:21 20712855                   /usr/lib/x86_64-linux-gnu/libgtk-3.so.0.2409.32
70dad59af000-70dad59bf000 r--p 007ae000 08:21 20712855                   /usr/lib/x86_64-linux-gnu/libgtk-3.so.0.2409.32
70dad59bf000-70dad59c1000 rw-p 007be000 08:21 20712855                   /usr/lib/x86_64-linux-gnu/libgtk-3.so.0.2409.32
70dad59c1000-70dad59c6000 rw-p 00000000 00:00 0 
70dad59c6000-70dad59c8000 r--p 00000000 08:21 20724694                   /usr/lib/x86_64-linux-gnu/libcanberra-gtk3.so.0.1.9
70dad59c8000-70dad59ca000 r-xp 00002000 08:21 20724694                   /usr/lib/x86_64-linux-gnu/libcanberra-gtk3.so.0.1.9
70dad59ca000-70dad59cb000 r--p 00004000 08:21 20724694                   /usr/lib/x86_64-linux-gnu/libcanberra-gtk3.so.0.1.9
70dad59cb000-70dad59cc000 r--p 00004000 08:21 20724694                   /usr/lib/x86_64-linux-gnu/libcanberra-gtk3.so.0.1.9
70dad59cc000-70dad59cd000 rw-p 00005000 08:21 20724694                   /usr/lib/x86_64-linux-gnu/libcanberra-gtk3.so.0.1.9
70dad59cd000-70dad59d4000 r--s 00000000 08:21 20716688                   /usr/lib/x86_64-linux-gnu/gconv/gconv-modules.cache
70dad59d4000-70dad59d7000 r--p 00000000 08:21 20724697                   /usr/lib/x86_64-linux-gnu/libcap.so.2.66
70dad59d7000-70dad59dd000 r-xp 00003000 08:21 20724697                   /usr/lib/x86_64-linux-gnu/libcap.so.2.66
70dad59dd000-70dad59df000 r--p 00009000 08:21 20724697                   /usr/lib/x86_64-linux-gnu/libcap.so.2.66
70dad59df000-70dad59e0000 r--p 0000b000 08:21 20724697                   /usr/lib/x86_64-linux-gnu/libcap.so.2.66
70dad59e0000-70dad59e1000 rw-p 0000c000 08:21 20724697                   /usr/lib/x86_64-linux-gnu/libcap.so.2.66
70dad59e1000-70dad59f1000 r--p 00000000 08:21 20724640                   /usr/lib/x86_64-linux-gnu/libatspi.so.0.0.1
70dad59f1000-70dad5a0a000 r-xp 00010000 08:21 20724640                   /usr/lib/x86_64-linux-gnu/libatspi.so.0.0.1
70dad5a0a000-70dad5a17000 r--p 00029000 08:21 20724640                   /usr/lib/x86_64-linux-gnu/libatspi.so.0.0.1
70dad5a17000-70dad5a1a000 r--p 00036000 08:21 20724640                   /usr/lib/x86_64-linux-gnu/libatspi.so.0.0.1
70dad5a1a000-70dad5a1b000 rw-p 00039000 08:21 20724640                   /usr/lib/x86_64-linux-gnu/libatspi.so.0.0.1
70dad5a1b000-70dad5a27000 r--p 00000000 08:21 20724636                   /usr/lib/x86_64-linux-gnu/libatk-bridge-2.0.so.0.0.0
70dad5a27000-70dad5a41000 r-xp 0000c000 08:21 20724636                   /usr/lib/x86_64-linux-gnu/libatk-bridge-2.0.so.0.0.0
70dad5a41000-70dad5a54000 r--p 00026000 08:21 20724636                   /usr/lib/x86_64-linux-gnu/libatk-bridge-2.0.so.0.0.0
70dad5a54000-70dad5a55000 r--p 00039000 08:21 20724636                   /usr/lib/x86_64-linux-gnu/libatk-bridge-2.0.so.0.0.0
70dad5a55000-70dad5a57000 rw-p 0003a000 08:21 20724636                   /usr/lib/x86_64-linux-gnu/libatk-bridge-2.0.so.0.0.0
70dad5a57000-70dad5a62000 r--p 00000000 08:21 20724635                   /usr/lib/x86_64-linux-gnu/libatk-1.0.so.0.25209.1
70dad5a62000-70dad5a72000 r-xp 0000b000 08:21 20724635                   /usr/lib/x86_64-linux-gnu/libatk-1.0.so.0.25209.1
70dad5a72000-70dad5a7d000 r--p 0001b000 08:21 20724635                   /usr/lib/x86_64-linux-gnu/libatk-1.0.so.0.25209.1
70dad5a7d000-70dad5a80000 r--p 00026000 08:21 20724635                   /usr/lib/x86_64-linux-gnu/libatk-1.0.so.0.25209.1
70dad5a80000-70dad5a81000 rw-p 00029000 08:21 20724635                   /usr/lib/x86_64-linux-gnu/libatk-1.0.so.0.25209.1
70dad5a81000-70dad5a83000 r--p 00000000 08:21 20725037                   /usr/lib/x86_64-linux-gnu/libmd.so.0.1.0
70dad5a83000-70dad5a8c000 r-xp 00002000 08:21 20725037                   /usr/lib/x86_64-linux-gnu/libmd.so.0.1.0
70dad5a8c000-70dad5a8e000 r--p 0000b000 08:21 20725037                   /usr/lib/x86_64-linux-gnu/libmd.so.0.1.0
70dad5a8e000-70dad5a8f000 r--p 0000c000 08:21 20725037                   /usr/lib/x86_64-linux-gnu/libmd.so.0.1.0
70dad5a8f000-70dad5a90000 rw-p 0000d000 08:21 20725037                   /usr/lib/x86_64-linux-gnu/libmd.so.0.1.0
70dad5a90000-70dad5a94000 r--p 00000000 08:21 20724679                   /usr/lib/x86_64-linux-gnu/libbsd.so.0.12.1
70dad5a94000-70dad5aa0000 r-xp 00004000 08:21 20724679                   /usr/lib/x86_64-linux-gnu/libbsd.so.0.12.1
70dad5aa0000-70dad5aa3000 r--p 00010000 08:21 20724679                   /usr/lib/x86_64-linux-gnu/libbsd.so.0.12.1
70dad5aa3000-70dad5aa4000 r--p 00012000 08:21 20724679                   /usr/lib/x86_64-linux-gnu/libbsd.so.0.12.1
70dad5aa4000-70dad5aa5000 rw-p 00013000 08:21 20724679                   /usr/lib/x86_64-linux-gnu/libbsd.so.0.12.1
70dad5aa5000-70dad5aa6000 rw-p 00000000 00:00 0 
70dad5aa6000-70dad5aa7000 r--p 00000000 08:21 20724676                   /usr/lib/x86_64-linux-gnu/libbrotlicommon.so.1.1.0
70dad5aa7000-70dad5aa8000 r-xp 00001000 08:21 20724676                   /usr/lib/x86_64-linux-gnu/libbrotlicommon.so.1.1.0
70dad5aa8000-70dad5ac7000 r--p 00002000 08:21 20724676                   /usr/lib/x86_64-linux-gnu/libbrotlicommon.so.1.1.0
70dad5ac7000-70dad5ac8000 r--p 00021000 08:21 20724676                   /usr/lib/x86_64-linux-gnu/libbrotlicommon.so.1.1.0
70dad5ac8000-70dad5ac9000 rw-p 00022000 08:21 20724676                   /usr/lib/x86_64-linux-gnu/libbrotlicommon.so.1.1.0
70dad5ac9000-70dad5ad0000 r--p 00000000 08:21 20710234                   /usr/lib/x86_64-linux-gnu/libblkid.so.1.1.0
70dad5ad0000-70dad5af4000 r-xp 00007000 08:21 20710234                   /usr/lib/x86_64-linux-gnu/libblkid.so.1.1.0
70dad5af4000-70dad5afd000 r--p 0002b000 08:21 20710234                   /usr/lib/x86_64-linux-gnu/libblkid.so.1.1.0
70dad5afd000-70dad5b03000 r--p 00033000 08:21 20710234                   /usr/lib/x86_64-linux-gnu/libblkid.so.1.1.0
70dad5b03000-70dad5b04000 rw-p 00039000 08:21 20710234                   /usr/lib/x86_64-linux-gnu/libblkid.so.1.1.0
70dad5b04000-70dad5b07000 r--p 00000000 08:21 20724887                   /usr/lib/x86_64-linux-gnu/libgraphite2.so.3.2.1
70dad5b07000-70dad5b24000 r-xp 00003000 08:21 20724887                   /usr/lib/x86_64-linux-gnu/libgraphite2.so.3.2.1
70dad5b24000-70dad5b27000 r--p 00020000 08:21 20724887                   /usr/lib/x86_64-linux-gnu/libgraphite2.so.3.2.1
70dad5b27000-70dad5b29000 r--p 00022000 08:21 20724887                   /usr/lib/x86_64-linux-gnu/libgraphite2.so.3.2.1
70dad5b29000-70dad5b2a000 rw-p 00024000 08:21 20724887                   /usr/lib/x86_64-linux-gnu/libgraphite2.so.3.2.1
70dad5b2a000-70dad5b2c000 r--p 00000000 08:21 20724728                   /usr/lib/x86_64-linux-gnu/libdatrie.so.1.4.0
70dad5b2c000-70dad5b30000 r-xp 00002000 08:21 20724728                   /usr/lib/x86_64-linux-gnu/libdatrie.so.1.4.0
70dad5b30000-70dad5b31000 r--p 00006000 08:21 20724728                   /usr/lib/x86_64-linux-gnu/libdatrie.so.1.4.0
70dad5b31000-70dad5b32000 r--p 00006000 08:21 20724728                   /usr/lib/x86_64-linux-gnu/libdatrie.so.1.4.0
70dad5b32000-70dad5b33000 rw-p 00007000 08:21 20724728                   /usr/lib/x86_64-linux-gnu/libdatrie.so.1.4.0
70dad5b33000-70dad5b35000 r--p 00000000 08:21 20724532                   /usr/lib/x86_64-linux-gnu/libXdmcp.so.6.0.0
70dad5b35000-70dad5b37000 r-xp 00002000 08:21 20724532                   /usr/lib/x86_64-linux-gnu/libXdmcp.so.6.0.0
70dad5b37000-70dad5b39000 r--p 00004000 08:21 20724532                   /usr/lib/x86_64-linux-gnu/libXdmcp.so.6.0.0
70dad5b39000-70dad5b3a000 r--p 00005000 08:21 20724532                   /usr/lib/x86_64-linux-gnu/libXdmcp.so.6.0.0
70dad5b3a000-70dad5b3b000 rw-p 00006000 08:21 20724532                   /usr/lib/x86_64-linux-gnu/libXdmcp.so.6.0.0
70dad5b3b000-70dad5b3c000 r--p 00000000 08:21 20724677                   /usr/lib/x86_64-linux-gnu/libbrotlidec.so.1.1.0
70dad5b3c000-70dad5b44000 r-xp 00001000 08:21 20724677                   /usr/lib/x86_64-linux-gnu/libbrotlidec.so.1.1.0
70dad5b44000-70dad5b47000 r--p 00009000 08:21 20724677                   /usr/lib/x86_64-linux-gnu/libbrotlidec.so.1.1.0
70dad5b47000-70dad5b48000 r--p 0000b000 08:21 20724677                   /usr/lib/x86_64-linux-gnu/libbrotlidec.so.1.1.0
70dad5b48000-70dad5b49000 rw-p 0000c000 08:21 20724677                   /usr/lib/x86_64-linux-gnu/libbrotlidec.so.1.1.0
70dad5b49000-70dad5b4b000 r--p 00000000 08:21 20709399                   /usr/lib/x86_64-linux-gnu/libbz2.so.1.0.4
70dad5b4b000-70dad5b59000 r-xp 00002000 08:21 20709399                   /usr/lib/x86_64-linux-gnu/libbz2.so.1.0.4
70dad5b59000-70dad5b5b000 r--p 00010000 08:21 20709399                   /usr/lib/x86_64-linux-gnu/libbz2.so.1.0.4
70dad5b5b000-70dad5b5c000 r--p 00011000 08:21 20709399                   /usr/lib/x86_64-linux-gnu/libbz2.so.1.0.4
70dad5b5c000-70dad5b5d000 rw-p 00012000 08:21 20709399                   /usr/lib/x86_64-linux-gnu/libbz2.so.1.0.4
70dad5b5d000-70dad5b65000 r--p 00000000 08:21 20725139                   /usr/lib/x86_64-linux-gnu/libpangoft2-1.0.so.0.5200.1
70dad5b65000-70dad5b72000 r-xp 00008000 08:21 20725139                   /usr/lib/x86_64-linux-gnu/libpangoft2-1.0.so.0.5200.1
70dad5b72000-70dad5b76000 r--p 00015000 08:21 20725139                   /usr/lib/x86_64-linux-gnu/libpangoft2-1.0.so.0.5200.1
70dad5b76000-70dad5b77000 r--p 00019000 08:21 20725139                   /usr/lib/x86_64-linux-gnu/libpangoft2-1.0.so.0.5200.1
70dad5b77000-70dad5b78000 rw-p 0001a000 08:21 20725139                   /usr/lib/x86_64-linux-gnu/libpangoft2-1.0.so.0.5200.1
70dad5b78000-70dad5b7e000 r--p 00000000 08:21 20725233                   /usr/lib/x86_64-linux-gnu/libselinux.so.1
70dad5b7e000-70dad5b9b000 r-xp 00006000 08:21 20725233                   /usr/lib/x86_64-linux-gnu/libselinux.so.1
70dad5b9b000-70dad5ba1000 r--p 00023000 08:21 20725233                   /usr/lib/x86_64-linux-gnu/libselinux.so.1
70dad5ba1000-70dad5ba2000 r--p 00029000 08:21 20725233                   /usr/lib/x86_64-linux-gnu/libselinux.so.1
70dad5ba2000-70dad5ba3000 rw-p 0002a000 08:21 20725233                   /usr/lib/x86_64-linux-gnu/libselinux.so.1
70dad5ba3000-70dad5ba5000 rw-p 00000000 00:00 0 
70dad5ba5000-70dad5bae000 r--p 00000000 08:21 20715420                   /usr/lib/x86_64-linux-gnu/libmount.so.1.1.0
70dad5bae000-70dad5be2000 r-xp 00009000 08:21 20715420                   /usr/lib/x86_64-linux-gnu/libmount.so.1.1.0
70dad5be2000-70dad5bef000 r--p 0003d000 08:21 20715420                   /usr/lib/x86_64-linux-gnu/libmount.so.1.1.0
70dad5bef000-70dad5bf1000 r--p 00049000 08:21 20715420                   /usr/lib/x86_64-linux-gnu/libmount.so.1.1.0
70dad5bf1000-70dad5bf2000 rw-p 0004b000 08:21 20715420                   /usr/lib/x86_64-linux-gnu/libmount.so.1.1.0
70dad5bf2000-70dad5bf6000 r--p 00000000 08:21 20710433                   /usr/lib/x86_64-linux-gnu/libexpat.so.1.9.1
70dad5bf6000-70dad5c12000 r-xp 00004000 08:21 20710433                   /usr/lib/x86_64-linux-gnu/libexpat.so.1.9.1
70dad5c12000-70dad5c1a000 r--p 00020000 08:21 20710433                   /usr/lib/x86_64-linux-gnu/libexpat.so.1.9.1
70dad5c1a000-70dad5c1c000 r--p 00027000 08:21 20710433                   /usr/lib/x86_64-linux-gnu/libexpat.so.1.9.1
70dad5c1c000-70dad5c1d000 rw-p 00029000 08:21 20710433                   /usr/lib/x86_64-linux-gnu/libexpat.so.1.9.1
70dad5c1d000-70dad5c28000 r--p 00000000 08:21 20724934                   /usr/lib/x86_64-linux-gnu/libharfbuzz.so.0.60830.0
70dad5c28000-70dad5cf6000 r-xp 0000b000 08:21 20724934                   /usr/lib/x86_64-linux-gnu/libharfbuzz.so.0.60830.0
70dad5cf6000-70dad5d28000 r--p 000d9000 08:21 20724934                   /usr/lib/x86_64-linux-gnu/libharfbuzz.so.0.60830.0
70dad5d28000-70dad5d29000 r--p 0010b000 08:21 20724934                   /usr/lib/x86_64-linux-gnu/libharfbuzz.so.0.60830.0
70dad5d29000-70dad5d2a000 rw-p 0010c000 08:21 20724934                   /usr/lib/x86_64-linux-gnu/libharfbuzz.so.0.60830.0
70dad5d2a000-70dad5d2c000 r--p 00000000 08:21 20725288                   /usr/lib/x86_64-linux-gnu/libthai.so.0.3.1
70dad5d2c000-70dad5d30000 r-xp 00002000 08:21 20725288                   /usr/lib/x86_64-linux-gnu/libthai.so.0.3.1
70dad5d30000-70dad5d33000 r--p 00006000 08:21 20725288                   /usr/lib/x86_64-linux-gnu/libthai.so.0.3.1
70dad5d33000-70dad5d34000 r--p 00008000 08:21 20725288                   /usr/lib/x86_64-linux-gnu/libthai.so.0.3.1
70dad5d34000-70dad5d35000 rw-p 00009000 08:21 20725288                   /usr/lib/x86_64-linux-gnu/libthai.so.0.3.1
70dad5d35000-70dad5d3f000 r--p 00000000 08:21 20725160                   /usr/lib/x86_64-linux-gnu/libpixman-1.so.0.42.2
70dad5d3f000-70dad5dcc000 r-xp 0000a000 08:21 20725160                   /usr/lib/x86_64-linux-gnu/libpixman-1.so.0.42.2
70dad5dcc000-70dad5ddb000 r--p 00097000 08:21 20725160                   /usr/lib/x86_64-linux-gnu/libpixman-1.so.0.42.2
70dad5ddb000-70dad5de3000 r--p 000a5000 08:21 20725160                   /usr/lib/x86_64-linux-gnu/libpixman-1.so.0.42.2
70dad5de3000-70dad5de4000 rw-p 000ad000 08:21 20725160                   /usr/lib/x86_64-linux-gnu/libpixman-1.so.0.42.2
70dad5de4000-70dad5de9000 r--p 00000000 08:21 20725387                   /usr/lib/x86_64-linux-gnu/libxcb-render.so.0.0.0
70dad5de9000-70dad5dee000 r-xp 00005000 08:21 20725387                   /usr/lib/x86_64-linux-gnu/libxcb-render.so.0.0.0
70dad5dee000-70dad5df1000 r--p 0000a000 08:21 20725387                   /usr/lib/x86_64-linux-gnu/libxcb-render.so.0.0.0
70dad5df1000-70dad5df2000 r--p 0000c000 08:21 20725387                   /usr/lib/x86_64-linux-gnu/libxcb-render.so.0.0.0
70dad5df2000-70dad5df3000 rw-p 0000d000 08:21 20725387                   /usr/lib/x86_64-linux-gnu/libxcb-render.so.0.0.0
70dad5df3000-70dad5dfe000 r--p 00000000 08:21 20725396                   /usr/lib/x86_64-linux-gnu/libxcb.so.1.1.0
70dad5dfe000-70dad5e11000 r-xp 0000b000 08:21 20725396                   /usr/lib/x86_64-linux-gnu/libxcb.so.1.1.0
70dad5e11000-70dad5e1a000 r--p 0001e000 08:21 20725396                   /usr/lib/x86_64-linux-gnu/libxcb.so.1.1.0
70dad5e1a000-70dad5e1b000 r--p 00026000 08:21 20725396                   /usr/lib/x86_64-linux-gnu/libxcb.so.1.1.0
70dad5e1b000-70dad5e1c000 rw-p 00027000 08:21 20725396                   /usr/lib/x86_64-linux-gnu/libxcb.so.1.1.0
70dad5e1c000-70dad5e29000 r--p 00000000 08:21 20724824                   /usr/lib/x86_64-linux-gnu/libfreetype.so.6.20.1
70dad5e29000-70dad5eba000 r-xp 0000d000 08:21 20724824                   /usr/lib/x86_64-linux-gnu/libfreetype.so.6.20.1
70dad5eba000-70dad5ee0000 r--p 0009e000 08:21 20724824                   /usr/lib/x86_64-linux-gnu/libfreetype.so.6.20.1
70dad5ee0000-70dad5ee7000 r--p 000c4000 08:21 20724824                   /usr/lib/x86_64-linux-gnu/libfreetype.so.6.20.1
70dad5ee7000-70dad5ee8000 rw-p 000cb000 08:21 20724824                   /usr/lib/x86_64-linux-gnu/libfreetype.so.6.20.1
70dad5ee8000-70dad5eea000 r--p 00000000 08:21 20714990                   /usr/lib/x86_64-linux-gnu/libz.so.1.3
70dad5eea000-70dad5efc000 r-xp 00002000 08:21 20714990                   /usr/lib/x86_64-linux-gnu/libz.so.1.3
70dad5efc000-70dad5f02000 r--p 00014000 08:21 20714990                   /usr/lib/x86_64-linux-gnu/libz.so.1.3
70dad5f02000-70dad5f03000 r--p 0001a000 08:21 20714990                   /usr/lib/x86_64-linux-gnu/libz.so.1.3
70dad5f03000-70dad5f04000 rw-p 0001b000 08:21 20714990                   /usr/lib/x86_64-linux-gnu/libz.so.1.3
70dad5f04000-70dad5f06000 r--p 00000000 08:21 20725151                   /usr/lib/x86_64-linux-gnu/libpcre2-8.so.0.11.2
70dad5f06000-70dad5f74000 r-xp 00002000 08:21 20725151                   /usr/lib/x86_64-linux-gnu/libpcre2-8.so.0.11.2
70dad5f74000-70dad5f9c000 r--p 00070000 08:21 20725151                   /usr/lib/x86_64-linux-gnu/libpcre2-8.so.0.11.2
70dad5f9c000-70dad5f9d000 r--p 00097000 08:21 20725151                   /usr/lib/x86_64-linux-gnu/libpcre2-8.so.0.11.2
70dad5f9d000-70dad5f9e000 rw-p 00098000 08:21 20725151                   /usr/lib/x86_64-linux-gnu/libpcre2-8.so.0.11.2
70dad5f9e000-70dad5fa2000 r--p 00000000 08:21 20724986                   /usr/lib/x86_64-linux-gnu/libjpeg.so.8.2.2
70dad5fa2000-70dad5fef000 r-xp 00004000 08:21 20724986                   /usr/lib/x86_64-linux-gnu/libjpeg.so.8.2.2
70dad5fef000-70dad601f000 r--p 00051000 08:21 20724986                   /usr/lib/x86_64-linux-gnu/libjpeg.so.8.2.2
70dad601f000-70dad6020000 r--p 00081000 08:21 20724986                   /usr/lib/x86_64-linux-gnu/libjpeg.so.8.2.2
70dad6020000-70dad6021000 rw-p 00082000 08:21 20724986                   /usr/lib/x86_64-linux-gnu/libjpeg.so.8.2.2
70dad6021000-70dad6026000 r--p 00000000 08:21 20725169                   /usr/lib/x86_64-linux-gnu/libpng16.so.16.43.0
70dad6026000-70dad604e000 r-xp 00005000 08:21 20725169                   /usr/lib/x86_64-linux-gnu/libpng16.so.16.43.0
70dad604e000-70dad6057000 r--p 0002d000 08:21 20725169                   /usr/lib/x86_64-linux-gnu/libpng16.so.16.43.0
70dad6057000-70dad6058000 r--p 00035000 08:21 20725169                   /usr/lib/x86_64-linux-gnu/libpng16.so.16.43.0
70dad6058000-70dad6059000 rw-p 00036000 08:21 20725169                   /usr/lib/x86_64-linux-gnu/libpng16.so.16.43.0
70dad6059000-70dad6072000 r--p 00000000 08:21 20724525                   /usr/lib/x86_64-linux-gnu/libX11.so.6.4.0
70dad6072000-70dad6102000 r-xp 00019000 08:21 20724525                   /usr/lib/x86_64-linux-gnu/libX11.so.6.4.0
70dad6102000-70dad6191000 r--p 000a9000 08:21 20724525                   /usr/lib/x86_64-linux-gnu/libX11.so.6.4.0
70dad6191000-70dad6192000 r--p 00138000 08:21 20724525                   /usr/lib/x86_64-linux-gnu/libX11.so.6.4.0
70dad6192000-70dad6196000 rw-p 00139000 08:21 20724525                   /usr/lib/x86_64-linux-gnu/libX11.so.6.4.0
70dad6196000-70dad619b000 r--p 00000000 08:21 20725399                   /usr/lib/x86_64-linux-gnu/libxkbcommon.so.0.0.0
70dad619b000-70dad61bb000 r-xp 00005000 08:21 20725399                   /usr/lib/x86_64-linux-gnu/libxkbcommon.so.0.0.0
70dad61bb000-70dad61dc000 r--p 00025000 08:21 20725399                   /usr/lib/x86_64-linux-gnu/libxkbcommon.so.0.0.0
70dad61dc000-70dad61de000 r--p 00045000 08:21 20725399                   /usr/lib/x86_64-linux-gnu/libxkbcommon.so.0.0.0
70dad61de000-70dad61df000 rw-p 00047000 08:21 20725399                   /usr/lib/x86_64-linux-gnu/libxkbcommon.so.0.0.0
70dad61df000-70dad6218000 r--p 00000000 08:21 20743596                   /usr/lib/x86_64-linux-gnu/libgio-2.0.so.0.8000.0
70dad6218000-70dad632f000 r-xp 00039000 08:21 20743596                   /usr/lib/x86_64-linux-gnu/libgio-2.0.so.0.8000.0
70dad632f000-70dad63a4000 r--p 00150000 08:21 20743596                   /usr/lib/x86_64-linux-gnu/libgio-2.0.so.0.8000.0
70dad63a4000-70dad63ac000 r--p 001c4000 08:21 20743596                   /usr/lib/x86_64-linux-gnu/libgio-2.0.so.0.8000.0
70dad63ac000-70dad63ad000 rw-p 001cc000 08:21 20743596                   /usr/lib/x86_64-linux-gnu/libgio-2.0.so.0.8000.0
70dad63ad000-70dad63af000 rw-p 00000000 00:00 0 
70dad63af000-70dad63b7000 r--p 00000000 08:21 20724809                   /usr/lib/x86_64-linux-gnu/libfontconfig.so.1.12.1
70dad63b7000-70dad63e6000 r-xp 00008000 08:21 20724809                   /usr/lib/x86_64-linux-gnu/libfontconfig.so.1.12.1
70dad63e6000-70dad63fd000 r--p 00037000 08:21 20724809                   /usr/lib/x86_64-linux-gnu/libfontconfig.so.1.12.1
70dad63fd000-70dad63ff000 r--p 0004d000 08:21 20724809                   /usr/lib/x86_64-linux-gnu/libfontconfig.so.1.12.1
70dad63ff000-70dad6400000 rw-p 0004f000 08:21 20724809                   /usr/lib/x86_64-linux-gnu/libfontconfig.so.1.12.1
70dad6400000-70dad6410000 r-xp 00000000 08:23 23724929                   /opt/eclipse/plugins/org.eclipse.equinox.launcher.gtk.linux.x86_64_1.2.1100.v20240722-2106/eclipse_11904.so
70dad6410000-70dad6610000 ---p 00010000 08:23 23724929                   /opt/eclipse/plugins/org.eclipse.equinox.launcher.gtk.linux.x86_64_1.2.1100.v20240722-2106/eclipse_11904.so
70dad6610000-70dad6611000 r--p 00010000 08:23 23724929                   /opt/eclipse/plugins/org.eclipse.equinox.launcher.gtk.linux.x86_64_1.2.1100.v20240722-2106/eclipse_11904.so
70dad6611000-70dad6612000 rw-p 00011000 08:23 23724929                   /opt/eclipse/plugins/org.eclipse.equinox.launcher.gtk.linux.x86_64_1.2.1100.v20240722-2106/eclipse_11904.so
70dad6612000-70dad6613000 rw-p 00000000 00:00 0 
70dad6614000-70dad6615000 r--p 00000000 08:21 20724527                   /usr/lib/x86_64-linux-gnu/libXau.so.6.0.0
70dad6615000-70dad6617000 r-xp 00001000 08:21 20724527                   /usr/lib/x86_64-linux-gnu/libXau.so.6.0.0
70dad6617000-70dad6618000 r--p 00003000 08:21 20724527                   /usr/lib/x86_64-linux-gnu/libXau.so.6.0.0
70dad6618000-70dad6619000 r--p 00003000 08:21 20724527                   /usr/lib/x86_64-linux-gnu/libXau.so.6.0.0
70dad6619000-70dad661a000 rw-p 00004000 08:21 20724527                   /usr/lib/x86_64-linux-gnu/libXau.so.6.0.0
70dad661a000-70dad661b000 r--p 00000000 08:21 20725390                   /usr/lib/x86_64-linux-gnu/libxcb-shm.so.0.0.0
70dad661b000-70dad661c000 r-xp 00001000 08:21 20725390                   /usr/lib/x86_64-linux-gnu/libxcb-shm.so.0.0.0
70dad661c000-70dad661d000 r--p 00002000 08:21 20725390                   /usr/lib/x86_64-linux-gnu/libxcb-shm.so.0.0.0
70dad661d000-70dad661e000 r--p 00002000 08:21 20725390                   /usr/lib/x86_64-linux-gnu/libxcb-shm.so.0.0.0
70dad661e000-70dad661f000 rw-p 00003000 08:21 20725390                   /usr/lib/x86_64-linux-gnu/libxcb-shm.so.0.0.0
70dad661f000-70dad6621000 r--p 00000000 08:21 20724543                   /usr/lib/x86_64-linux-gnu/libXrender.so.1.3.0
70dad6621000-70dad6628000 r-xp 00002000 08:21 20724543                   /usr/lib/x86_64-linux-gnu/libXrender.so.1.3.0
70dad6628000-70dad6629000 r--p 00009000 08:21 20724543                   /usr/lib/x86_64-linux-gnu/libXrender.so.1.3.0
70dad6629000-70dad662a000 r--p 00009000 08:21 20724543                   /usr/lib/x86_64-linux-gnu/libXrender.so.1.3.0
70dad662a000-70dad662b000 rw-p 0000a000 08:21 20724543                   /usr/lib/x86_64-linux-gnu/libXrender.so.1.3.0
70dad662b000-70dad662d000 r--p 00000000 08:21 20724803                   /usr/lib/x86_64-linux-gnu/libffi.so.8.1.4
70dad662d000-70dad6634000 r-xp 00002000 08:21 20724803                   /usr/lib/x86_64-linux-gnu/libffi.so.8.1.4
70dad6634000-70dad6635000 r--p 00009000 08:21 20724803                   /usr/lib/x86_64-linux-gnu/libffi.so.8.1.4
70dad6635000-70dad6636000 r--p 0000a000 08:21 20724803                   /usr/lib/x86_64-linux-gnu/libffi.so.8.1.4
70dad6636000-70dad6637000 rw-p 0000b000 08:21 20724803                   /usr/lib/x86_64-linux-gnu/libffi.so.8.1.4
70dad6637000-70dad6639000 r--p 00000000 08:21 20724542                   /usr/lib/x86_64-linux-gnu/libXrandr.so.2.2.0
70dad6639000-70dad6640000 r-xp 00002000 08:21 20724542                   /usr/lib/x86_64-linux-gnu/libXrandr.so.2.2.0
70dad6640000-70dad6642000 r--p 00009000 08:21 20724542                   /usr/lib/x86_64-linux-gnu/libXrandr.so.2.2.0
70dad6642000-70dad6643000 r--p 0000a000 08:21 20724542                   /usr/lib/x86_64-linux-gnu/libXrandr.so.2.2.0
70dad6643000-70dad6644000 rw-p 0000b000 08:21 20724542                   /usr/lib/x86_64-linux-gnu/libXrandr.so.2.2.0
70dad6644000-70dad6646000 r--p 00000000 08:21 20724530                   /usr/lib/x86_64-linux-gnu/libXcursor.so.1.0.2
70dad6646000-70dad664c000 r-xp 00002000 08:21 20724530                   /usr/lib/x86_64-linux-gnu/libXcursor.so.1.0.2
70dad664c000-70dad664e000 r--p 00008000 08:21 20724530                   /usr/lib/x86_64-linux-gnu/libXcursor.so.1.0.2
70dad664e000-70dad664f000 r--p 00009000 08:21 20724530                   /usr/lib/x86_64-linux-gnu/libXcursor.so.1.0.2
70dad664f000-70dad6650000 rw-p 0000a000 08:21 20724530                   /usr/lib/x86_64-linux-gnu/libXcursor.so.1.0.2
70dad6650000-70dad66b0000 r--p 00000000 08:21 20724784                   /usr/lib/x86_64-linux-gnu/libepoxy.so.0.0.0
70dad66b0000-70dad6716000 r-xp 00060000 08:21 20724784                   /usr/lib/x86_64-linux-gnu/libepoxy.so.0.0.0
70dad6716000-70dad6764000 r--p 000c6000 08:21 20724784                   /usr/lib/x86_64-linux-gnu/libepoxy.so.0.0.0
70dad6764000-70dad676c000 r--p 00113000 08:21 20724784                   /usr/lib/x86_64-linux-gnu/libepoxy.so.0.0.0
70dad676c000-70dad6773000 rw-p 0011b000 08:21 20724784                   /usr/lib/x86_64-linux-gnu/libepoxy.so.0.0.0
70dad6773000-70dad6787000 r--p 00000000 08:21 20724689                   /usr/lib/x86_64-linux-gnu/libcairo.so.2.11800.0
70dad6787000-70dad6878000 r-xp 00014000 08:21 20724689                   /usr/lib/x86_64-linux-gnu/libcairo.so.2.11800.0
70dad6878000-70dad68b0000 r--p 00105000 08:21 20724689                   /usr/lib/x86_64-linux-gnu/libcairo.so.2.11800.0
70dad68b0000-70dad68b4000 r--p 0013d000 08:21 20724689                   /usr/lib/x86_64-linux-gnu/libcairo.so.2.11800.0
70dad68b4000-70dad68b6000 rw-p 00141000 08:21 20724689                   /usr/lib/x86_64-linux-gnu/libcairo.so.2.11800.0
70dad68b6000-70dad68b7000 rw-p 00000000 00:00 0 
70dad68b7000-70dad68d5000 r--p 00000000 08:21 20743597                   /usr/lib/x86_64-linux-gnu/libglib-2.0.so.0.8000.0
70dad68d5000-70dad6975000 r-xp 0001e000 08:21 20743597                   /usr/lib/x86_64-linux-gnu/libglib-2.0.so.0.8000.0
70dad6975000-70dad69fd000 r--p 000be000 08:21 20743597                   /usr/lib/x86_64-linux-gnu/libglib-2.0.so.0.8000.0
70dad69fd000-70dad69fe000 r--p 00146000 08:21 20743597                   /usr/lib/x86_64-linux-gnu/libglib-2.0.so.0.8000.0
70dad69fe000-70dad69ff000 rw-p 00147000 08:21 20743597                   /usr/lib/x86_64-linux-gnu/libglib-2.0.so.0.8000.0
70dad69ff000-70dad6a00000 rw-p 00000000 00:00 0 
70dad6a00000-70dad6a04000 ---p 00000000 00:00 0 
70dad6a04000-70dad6b00000 rw-p 00000000 00:00 0 
70dad6b00000-70dad6b04000 ---p 00000000 00:00 0 
70dad6b04000-70dad6c00000 rw-p 00000000 00:00 0 
70dad6c00000-70dad6c04000 ---p 00000000 00:00 0 
70dad6c04000-70dad6d00000 rw-p 00000000 00:00 0 
70dad6d00000-70dad6d04000 ---p 00000000 00:00 0 
70dad6d04000-70dad6e00000 rw-p 00000000 00:00 0 
70dad6e00000-70dad6e04000 ---p 00000000 00:00 0 
70dad6e04000-70dad6f00000 rw-p 00000000 00:00 0 
70dad6f00000-70dad6f04000 ---p 00000000 00:00 0 
70dad6f04000-70dad7000000 rw-p 00000000 00:00 0 
70dad7000000-70dad7004000 ---p 00000000 00:00 0 
70dad7004000-70dad7100000 rw-p 00000000 00:00 0 
70dad7100000-70dad7104000 ---p 00000000 00:00 0 
70dad7104000-70dad7200000 rw-p 00000000 00:00 0 
70dad7200000-70dad7204000 ---p 00000000 00:00 0 
70dad7204000-70dad7300000 rw-p 00000000 00:00 0 
70dad7300000-70dad7304000 ---p 00000000 00:00 0 
70dad7304000-70dad7400000 rw-p 00000000 00:00 0 
70dad7400000-70dad76f1000 r--p 00000000 08:21 20709767                   /usr/lib/locale/locale-archive
70dad76f1000-70dad76f3000 r--p 00000000 08:21 20743598                   /usr/lib/x86_64-linux-gnu/libgmodule-2.0.so.0.8000.0
70dad76f3000-70dad76f5000 r-xp 00002000 08:21 20743598                   /usr/lib/x86_64-linux-gnu/libgmodule-2.0.so.0.8000.0
70dad76f5000-70dad76f6000 r--p 00004000 08:21 20743598                   /usr/lib/x86_64-linux-gnu/libgmodule-2.0.so.0.8000.0
70dad76f6000-70dad76f7000 r--p 00004000 08:21 20743598                   /usr/lib/x86_64-linux-gnu/libgmodule-2.0.so.0.8000.0
70dad76f7000-70dad76f8000 rw-p 00005000 08:21 20743598                   /usr/lib/x86_64-linux-gnu/libgmodule-2.0.so.0.8000.0
70dad76f8000-70dad76fc000 ---p 00000000 00:00 0 
70dad76fc000-70dad77f8000 rw-p 00000000 00:00 0 
70dad77f8000-70dad77f9000 ---p 00000000 00:00 0 
70dad77f9000-70dad78f9000 rw-p 00000000 00:00 0 
70dad78f9000-70dad78fa000 ---p 00000000 00:00 0 
70dad78fa000-70dad79fa000 rw-p 00000000 00:00 0 
70dad79fa000-70dad79fb000 ---p 00000000 00:00 0 
70dad79fb000-70dad7afb000 rw-p 00000000 00:00 0 
70dad7afb000-70dad7afc000 ---p 00000000 00:00 0 
70dad7afc000-70dad7bfc000 rw-p 00000000 00:00 0 
70dad7bfc000-70dad803f000 rw-p 00000000 00:00 0 
70dad803f000-70dadc000000 ---p 00000000 00:00 0 
70dadc003000-70dadc004000 r--p 00000000 08:21 20724538                   /usr/lib/x86_64-linux-gnu/libXinerama.so.1.0.0
70dadc004000-70dadc005000 r-xp 00001000 08:21 20724538                   /usr/lib/x86_64-linux-gnu/libXinerama.so.1.0.0
70dadc005000-70dadc006000 r--p 00002000 08:21 20724538                   /usr/lib/x86_64-linux-gnu/libXinerama.so.1.0.0
70dadc006000-70dadc007000 r--p 00002000 08:21 20724538                   /usr/lib/x86_64-linux-gnu/libXinerama.so.1.0.0
70dadc007000-70dadc008000 rw-p 00003000 08:21 20724538                   /usr/lib/x86_64-linux-gnu/libXinerama.so.1.0.0
70dadc008000-70dadc00c000 r--p 00000000 08:21 20724533                   /usr/lib/x86_64-linux-gnu/libXext.so.6.4.0
70dadc00c000-70dadc017000 r-xp 00004000 08:21 20724533                   /usr/lib/x86_64-linux-gnu/libXext.so.6.4.0
70dadc017000-70dadc01a000 r--p 0000f000 08:21 20724533                   /usr/lib/x86_64-linux-gnu/libXext.so.6.4.0
70dadc01a000-70dadc01b000 r--p 00011000 08:21 20724533                   /usr/lib/x86_64-linux-gnu/libXext.so.6.4.0
70dadc01b000-70dadc01c000 rw-p 00012000 08:21 20724533                   /usr/lib/x86_64-linux-gnu/libXext.so.6.4.0
70dadc01c000-70dadc01f000 r--p 00000000 08:21 20724537                   /usr/lib/x86_64-linux-gnu/libXi.so.6.1.0
70dadc01f000-70dadc02b000 r-xp 00003000 08:21 20724537                   /usr/lib/x86_64-linux-gnu/libXi.so.6.1.0
70dadc02b000-70dadc02d000 r--p 0000f000 08:21 20724537                   /usr/lib/x86_64-linux-gnu/libXi.so.6.1.0
70dadc02d000-70dadc02e000 r--p 00011000 08:21 20724537                   /usr/lib/x86_64-linux-gnu/libXi.so.6.1.0
70dadc02e000-70dadc02f000 rw-p 00012000 08:21 20724537                   /usr/lib/x86_64-linux-gnu/libXi.so.6.1.0
70dadc02f000-70dadc042000 r--p 00000000 08:21 20725137                   /usr/lib/x86_64-linux-gnu/libpango-1.0.so.0.5200.1
70dadc042000-70dadc07b000 r-xp 00013000 08:21 20725137                   /usr/lib/x86_64-linux-gnu/libpango-1.0.so.0.5200.1
70dadc07b000-70dadc095000 r--p 0004c000 08:21 20725137                   /usr/lib/x86_64-linux-gnu/libpango-1.0.so.0.5200.1
70dadc095000-70dadc099000 r--p 00065000 08:21 20725137                   /usr/lib/x86_64-linux-gnu/libpango-1.0.so.0.5200.1
70dadc099000-70dadc09a000 rw-p 00069000 08:21 20725137                   /usr/lib/x86_64-linux-gnu/libpango-1.0.so.0.5200.1
70dadc09a000-70dadc0a9000 r--p 00000000 08:21 20743599                   /usr/lib/x86_64-linux-gnu/libgobject-2.0.so.0.8000.0
70dadc0a9000-70dadc0e0000 r-xp 0000f000 08:21 20743599                   /usr/lib/x86_64-linux-gnu/libgobject-2.0.so.0.8000.0
70dadc0e0000-70dadc0f9000 r--p 00046000 08:21 20743599                   /usr/lib/x86_64-linux-gnu/libgobject-2.0.so.0.8000.0
70dadc0f9000-70dadc0fc000 r--p 0005e000 08:21 20743599                   /usr/lib/x86_64-linux-gnu/libgobject-2.0.so.0.8000.0
70dadc0fc000-70dadc0fd000 rw-p 00061000 08:21 20743599                   /usr/lib/x86_64-linux-gnu/libgobject-2.0.so.0.8000.0
70dadc0fd000-70dade400000 rw-p 00000000 00:00 0 
70dade402000-70dade42c000 r--p 00000000 08:21 20712853                   /usr/lib/x86_64-linux-gnu/libgdk-3.so.0.2409.32
70dade42c000-70dade4b0000 r-xp 0002a000 08:21 20712853                   /usr/lib/x86_64-linux-gnu/libgdk-3.so.0.2409.32
70dade4b0000-70dade4f2000 r--p 000ae000 08:21 20712853                   /usr/lib/x86_64-linux-gnu/libgdk-3.so.0.2409.32
70dade4f2000-70dade4fb000 r--p 000ef000 08:21 20712853                   /usr/lib/x86_64-linux-gnu/libgdk-3.so.0.2409.32
70dade4fb000-70dade4fd000 rw-p 000f8000 08:21 20712853                   /usr/lib/x86_64-linux-gnu/libgdk-3.so.0.2409.32
70dade4fd000-70dade5fe000 rw-p 00000000 00:00 0 
70dade5fe000-70dade5ff000 ---p 00000000 00:00 0 
70dade5ff000-70dade6ff000 rw-p 00000000 00:00 0 
70dade6ff000-70dade700000 ---p 00000000 00:00 0 
70dade700000-70dade800000 rw-p 00000000 00:00 0 
70dade800000-70daded20000 rw-p 00000000 00:00 0 
70daded20000-70dadef38000 ---p 00000000 00:00 0 
70dadef38000-70dadef44000 rw-p 00000000 00:00 0 
70dadef44000-70dae07a0000 ---p 00000000 00:00 0 
70dae07a0000-70dae08a4000 rw-p 00000000 00:00 0 
70dae08a4000-70dae08e7000 ---p 00000000 00:00 0 
70dae08e7000-70dae08e9000 rw-p 00000000 00:00 0 
70dae08e9000-70dae0bf4000 ---p 00000000 00:00 0 
70dae0bf4000-70dae0ca4000 rw-p 00000000 00:00 0 
70dae0ca4000-70dae0ce7000 ---p 00000000 00:00 0 
70dae0ce7000-70dae0ce9000 rw-p 00000000 00:00 0 
70dae0ce9000-70dae0ff4000 ---p 00000000 00:00 0 
70dae0ff4000-70dae1000000 rw-p 00000000 00:00 0 
70dae1000000-70dae1001000 r--p 00000000 08:21 10485811                   /var/lib/flatpak/exports/share/icons/hicolor/icon-theme.cache
70dae1001000-70dae1002000 r--s 00000000 08:21 15861692                   /home/ro/.cache/fontconfig/3f7329c5293ffd510edef78f73874cfd-le64.cache-9
70dae1002000-70dae1003000 r--s 00000000 08:21 8919028                    /var/cache/fontconfig/da43223dd54fb3bb4243ae19d4b583b2-le64.cache-9
70dae1003000-70dae1008000 r--p 00000000 08:21 20725351                   /usr/lib/x86_64-linux-gnu/libwayland-client.so.0.22.0
70dae1008000-70dae100e000 r-xp 00005000 08:21 20725351                   /usr/lib/x86_64-linux-gnu/libwayland-client.so.0.22.0
70dae100e000-70dae1010000 r--p 0000b000 08:21 20725351                   /usr/lib/x86_64-linux-gnu/libwayland-client.so.0.22.0
70dae1010000-70dae1012000 r--p 0000d000 08:21 20725351                   /usr/lib/x86_64-linux-gnu/libwayland-client.so.0.22.0
70dae1012000-70dae1013000 rw-p 0000f000 08:21 20725351                   /usr/lib/x86_64-linux-gnu/libwayland-client.so.0.22.0
70dae1013000-70dae1018000 r--p 00000000 08:21 20725138                   /usr/lib/x86_64-linux-gnu/libpangocairo-1.0.so.0.5200.1
70dae1018000-70dae1020000 r-xp 00005000 08:21 20725138                   /usr/lib/x86_64-linux-gnu/libpangocairo-1.0.so.0.5200.1
70dae1020000-70dae1022000 r--p 0000d000 08:21 20725138                   /usr/lib/x86_64-linux-gnu/libpangocairo-1.0.so.0.5200.1
70dae1022000-70dae1023000 r--p 0000f000 08:21 20725138                   /usr/lib/x86_64-linux-gnu/libpangocairo-1.0.so.0.5200.1
70dae1023000-70dae1024000 rw-p 00010000 08:21 20725138                   /usr/lib/x86_64-linux-gnu/libpangocairo-1.0.so.0.5200.1
70dae1024000-70dae1028000 r--p 00000000 08:21 20724687                   /usr/lib/x86_64-linux-gnu/libcairo-gobject.so.2.11800.0
70dae1028000-70dae102a000 r-xp 00004000 08:21 20724687                   /usr/lib/x86_64-linux-gnu/libcairo-gobject.so.2.11800.0
70dae102a000-70dae102d000 r--p 00006000 08:21 20724687                   /usr/lib/x86_64-linux-gnu/libcairo-gobject.so.2.11800.0
70dae102d000-70dae102f000 r--p 00008000 08:21 20724687                   /usr/lib/x86_64-linux-gnu/libcairo-gobject.so.2.11800.0
70dae102f000-70dae1030000 rw-p 0000a000 08:21 20724687                   /usr/lib/x86_64-linux-gnu/libcairo-gobject.so.2.11800.0
70dae1030000-70dae1032000 r--p 00000000 08:21 20724825                   /usr/lib/x86_64-linux-gnu/libfribidi.so.0.4.0
70dae1032000-70dae1036000 r-xp 00002000 08:21 20724825                   /usr/lib/x86_64-linux-gnu/libfribidi.so.0.4.0
70dae1036000-70dae104c000 r--p 00006000 08:21 20724825                   /usr/lib/x86_64-linux-gnu/libfribidi.so.0.4.0
70dae104c000-70dae104d000 r--p 0001c000 08:21 20724825                   /usr/lib/x86_64-linux-gnu/libfribidi.so.0.4.0
70dae104d000-70dae104e000 rw-p 0001d000 08:21 20724825                   /usr/lib/x86_64-linux-gnu/libfribidi.so.0.4.0
70dae104e000-70dae1056000 r--p 00000000 08:21 20715179                   /usr/lib/x86_64-linux-gnu/libgdk_pixbuf-2.0.so.0.4200.10
70dae1056000-70dae1071000 r-xp 00008000 08:21 20715179                   /usr/lib/x86_64-linux-gnu/libgdk_pixbuf-2.0.so.0.4200.10
70dae1071000-70dae107a000 r--p 00023000 08:21 20715179                   /usr/lib/x86_64-linux-gnu/libgdk_pixbuf-2.0.so.0.4200.10
70dae107a000-70dae107b000 r--p 0002c000 08:21 20715179                   /usr/lib/x86_64-linux-gnu/libgdk_pixbuf-2.0.so.0.4200.10
70dae107b000-70dae107c000 rw-p 0002d000 08:21 20715179                   /usr/lib/x86_64-linux-gnu/libgdk_pixbuf-2.0.so.0.4200.10
70dae107c000-70dae10fd000 rw-p 00000000 00:00 0 
70dae10fd000-70dae10fe000 ---p 00000000 00:00 0 
70dae10fe000-70dae11fe000 rw-p 00000000 00:00 0 
70dae11fe000-70dae1400000 rw-p 00000000 00:00 0 
70dae1400000-70dae33b0000 rwxp 00000000 00:00 0 
70dae33b0000-70dae8937000 ---p 00000000 00:00 0 
70dae8937000-70dae8ba7000 rwxp 00000000 00:00 0 
70dae8ba7000-70dae8ec9000 ---p 00000000 00:00 0 
70dae8ec9000-70daea0e9000 rwxp 00000000 00:00 0 
70daea0e9000-70daf0400000 ---p 00000000 00:00 0 
70daf0400000-70daf3e9c000 r--s 00000000 08:23 23725332                   /opt/eclipse/plugins/org.eclipse.justj.openjdk.hotspot.jre.full.linux.x86_64_21.0.4.v20240802-1551/jre/lib/modules
70daf3e9c000-70daf3e9f000 r--s 00000000 08:21 8917842                    /var/cache/fontconfig/16326683038b281783a0ef8c680e3a10-le64.cache-9
70daf3e9f000-70daf3ea0000 r--p 00000000 08:21 20724529                   /usr/lib/x86_64-linux-gnu/libXcomposite.so.1.0.0
70daf3ea0000-70daf3ea1000 r-xp 00001000 08:21 20724529                   /usr/lib/x86_64-linux-gnu/libXcomposite.so.1.0.0
70daf3ea1000-70daf3ea2000 r--p 00002000 08:21 20724529                   /usr/lib/x86_64-linux-gnu/libXcomposite.so.1.0.0
70daf3ea2000-70daf3ea3000 r--p 00002000 08:21 20724529                   /usr/lib/x86_64-linux-gnu/libXcomposite.so.1.0.0
70daf3ea3000-70daf3ea4000 rw-p 00003000 08:21 20724529                   /usr/lib/x86_64-linux-gnu/libXcomposite.so.1.0.0
70daf3ea4000-70daf7d3a000 rw-p 00000000 00:00 0 
70daf7d3a000-70daf8000000 ---p 00000000 00:00 0 
70daf8000000-70daf8001000 r--s 00000000 08:21 8916113                    /var/cache/fontconfig/e0aa53bcfa504e64f87823c16bc01eb6-le64.cache-9
70daf8001000-70daf8003000 r--p 00000000 08:21 20724534                   /usr/lib/x86_64-linux-gnu/libXfixes.so.3.1.0
70daf8003000-70daf8006000 r-xp 00002000 08:21 20724534                   /usr/lib/x86_64-linux-gnu/libXfixes.so.3.1.0
70daf8006000-70daf8007000 r--p 00005000 08:21 20724534                   /usr/lib/x86_64-linux-gnu/libXfixes.so.3.1.0
70daf8007000-70daf8008000 r--p 00005000 08:21 20724534                   /usr/lib/x86_64-linux-gnu/libXfixes.so.3.1.0
70daf8008000-70daf8009000 rw-p 00006000 08:21 20724534                   /usr/lib/x86_64-linux-gnu/libXfixes.so.3.1.0
70daf8009000-70daf8025000 r--p 00000000 08:21 20995300                   /usr/share/locale-langpack/de/LC_MESSAGES/gtk30.mo
70daf8025000-70daf854f000 rw-p 00000000 00:00 0 
70daf854f000-70daf8615000 ---p 00000000 00:00 0 
70daf8615000-70daf8655000 rw-p 00000000 00:00 0 
70daf8655000-70daf8700000 ---p 00000000 00:00 0 
70daf8700000-70daf8704000 ---p 00000000 00:00 0 
70daf8704000-70daf8800000 rw-p 00000000 00:00 0 
70daf8800000-70daf9c0f000 r-xp 00000000 08:23 23725387                   /opt/eclipse/plugins/org.eclipse.justj.openjdk.hotspot.jre.full.linux.x86_64_21.0.4.v20240802-1551/jre/lib/server/libjvm.so
70daf9c0f000-70daf9c10000 ---p 0140f000 08:23 23725387                   /opt/eclipse/plugins/org.eclipse.justj.openjdk.hotspot.jre.full.linux.x86_64_21.0.4.v20240802-1551/jre/lib/server/libjvm.so
70daf9c10000-70daf9ce0000 r--p 0140f000 08:23 23725387                   /opt/eclipse/plugins/org.eclipse.justj.openjdk.hotspot.jre.full.linux.x86_64_21.0.4.v20240802-1551/jre/lib/server/libjvm.so
70daf9ce0000-70daf9d10000 rw-p 014df000 08:23 23725387                   /opt/eclipse/plugins/org.eclipse.justj.openjdk.hotspot.jre.full.linux.x86_64_21.0.4.v20240802-1551/jre/lib/server/libjvm.so
70daf9d10000-70daf9d76000 rw-p 00000000 00:00 0 
70daf9d76000-70daf9d77000 r--s 00000000 08:21 15870861                   /home/ro/.cache/fontconfig/351fcdeab9d8845e75be43587fefc2f8-le64.cache-9
70daf9d77000-70daf9d78000 r--s 00000000 08:21 11141144                   /var/lib/flatpak/exports/share/mime/mime.cache
70daf9d78000-70daf9d79000 r--p 00000000 08:21 20994551                   /usr/share/locale-langpack/de/LC_MESSAGES/at-spi2-core.mo
70daf9d79000-70daf9d7a000 r--p 00000000 08:21 20724531                   /usr/lib/x86_64-linux-gnu/libXdamage.so.1.1.0
70daf9d7a000-70daf9d7b000 r-xp 00001000 08:21 20724531                   /usr/lib/x86_64-linux-gnu/libXdamage.so.1.1.0
70daf9d7b000-70daf9d7c000 r--p 00002000 08:21 20724531                   /usr/lib/x86_64-linux-gnu/libXdamage.so.1.1.0
70daf9d7c000-70daf9d7d000 r--p 00002000 08:21 20724531                   /usr/lib/x86_64-linux-gnu/libXdamage.so.1.1.0
70daf9d7d000-70daf9d7e000 rw-p 00003000 08:21 20724531                   /usr/lib/x86_64-linux-gnu/libXdamage.so.1.1.0
70daf9d7e000-70daf9d8a000 r-xp 00000000 08:23 23725341                   /opt/eclipse/plugins/org.eclipse.justj.openjdk.hotspot.jre.full.linux.x86_64_21.0.4.v20240802-1551/jre/lib/libnet.so
70daf9d8a000-70daf9d8b000 r--p 0000b000 08:23 23725341                   /opt/eclipse/plugins/org.eclipse.justj.openjdk.hotspot.jre.full.linux.x86_64_21.0.4.v20240802-1551/jre/lib/libnet.so
70daf9d8b000-70daf9d8c000 rw-p 0000c000 08:23 23725341                   /opt/eclipse/plugins/org.eclipse.justj.openjdk.hotspot.jre.full.linux.x86_64_21.0.4.v20240802-1551/jre/lib/libnet.so
70daf9d8c000-70daf9da0000 r-xp 00000000 08:23 23725342                   /opt/eclipse/plugins/org.eclipse.justj.openjdk.hotspot.jre.full.linux.x86_64_21.0.4.v20240802-1551/jre/lib/libnio.so
70daf9da0000-70daf9da1000 r--p 00013000 08:23 23725342                   /opt/eclipse/plugins/org.eclipse.justj.openjdk.hotspot.jre.full.linux.x86_64_21.0.4.v20240802-1551/jre/lib/libnio.so
70daf9da1000-70daf9da2000 rw-p 00014000 08:23 23725342                   /opt/eclipse/plugins/org.eclipse.justj.openjdk.hotspot.jre.full.linux.x86_64_21.0.4.v20240802-1551/jre/lib/libnio.so
70daf9da2000-70daf9dbd000 r-xp 00000000 08:23 23725345                   /opt/eclipse/plugins/org.eclipse.justj.openjdk.hotspot.jre.full.linux.x86_64_21.0.4.v20240802-1551/jre/lib/libzip.so
70daf9dbd000-70daf9dbe000 r--p 0001a000 08:23 23725345                   /opt/eclipse/plugins/org.eclipse.justj.openjdk.hotspot.jre.full.linux.x86_64_21.0.4.v20240802-1551/jre/lib/libzip.so
70daf9dbe000-70daf9dbf000 rw-p 0001b000 08:23 23725345                   /opt/eclipse/plugins/org.eclipse.justj.openjdk.hotspot.jre.full.linux.x86_64_21.0.4.v20240802-1551/jre/lib/libzip.so
70daf9dbf000-70daf9dc0000 rw-p 00000000 00:00 0 
70daf9dc0000-70daf9dc1000 rw-s 00000000 00:05 1152                       /dev/nvidia0
70daf9dc1000-70daf9dc3000 r--p 00000000 08:21 20711707                   /usr/lib/x86_64-linux-gnu/libgstallocators-1.0.so.0.2402.0
70daf9dc3000-70daf9dc7000 r-xp 00002000 08:21 20711707                   /usr/lib/x86_64-linux-gnu/libgstallocators-1.0.so.0.2402.0
70daf9dc7000-70daf9dc9000 r--p 00006000 08:21 20711707                   /usr/lib/x86_64-linux-gnu/libgstallocators-1.0.so.0.2402.0
70daf9dc9000-70daf9dca000 r--p 00007000 08:21 20711707                   /usr/lib/x86_64-linux-gnu/libgstallocators-1.0.so.0.2402.0
70daf9dca000-70daf9dcb000 rw-p 00008000 08:21 20711707                   /usr/lib/x86_64-linux-gnu/libgstallocators-1.0.so.0.2402.0
70daf9dcb000-70daf9dcd000 r--p 00000000 08:21 20725370                   /usr/lib/x86_64-linux-gnu/libwoff2dec.so.1.0.2
70daf9dcd000-70daf9dd3000 r-xp 00002000 08:21 20725370                   /usr/lib/x86_64-linux-gnu/libwoff2dec.so.1.0.2
70daf9dd3000-70daf9dd4000 r--p 00008000 08:21 20725370                   /usr/lib/x86_64-linux-gnu/libwoff2dec.so.1.0.2
70daf9dd4000-70daf9dd5000 r--p 00008000 08:21 20725370                   /usr/lib/x86_64-linux-gnu/libwoff2dec.so.1.0.2
70daf9dd5000-70daf9dd6000 rw-p 00009000 08:21 20725370                   /usr/lib/x86_64-linux-gnu/libwoff2dec.so.1.0.2
70daf9dd6000-70daf9dd8000 r--p 00000000 08:21 20725360                   /usr/lib/x86_64-linux-gnu/libwebpmux.so.3.0.13
70daf9dd8000-70daf9de0000 r-xp 00002000 08:21 20725360                   /usr/lib/x86_64-linux-gnu/libwebpmux.so.3.0.13
70daf9de0000-70daf9de2000 r--p 0000a000 08:21 20725360                   /usr/lib/x86_64-linux-gnu/libwebpmux.so.3.0.13
70daf9de2000-70daf9de3000 r--p 0000b000 08:21 20725360                   /usr/lib/x86_64-linux-gnu/libwebpmux.so.3.0.13
70daf9de3000-70daf9de4000 rw-p 0000c000 08:21 20725360                   /usr/lib/x86_64-linux-gnu/libwebpmux.so.3.0.13
70daf9de4000-70daf9de6000 rw-s 00000000 00:05 1151                       /dev/nvidiactl
70daf9de6000-70daf9de7000 rw-s 00000000 00:05 1151                       /dev/nvidiactl
70daf9de7000-70daf9dea000 r--p 00000000 08:21 20725393                   /usr/lib/x86_64-linux-gnu/libxcb-xfixes.so.0.0.0
70daf9dea000-70daf9ded000 r-xp 00003000 08:21 20725393                   /usr/lib/x86_64-linux-gnu/libxcb-xfixes.so.0.0.0
70daf9ded000-70daf9def000 r--p 00006000 08:21 20725393                   /usr/lib/x86_64-linux-gnu/libxcb-xfixes.so.0.0.0
70daf9def000-70daf9df0000 r--p 00007000 08:21 20725393                   /usr/lib/x86_64-linux-gnu/libxcb-xfixes.so.0.0.0
70daf9df0000-70daf9df1000 rw-p 00008000 08:21 20725393                   /usr/lib/x86_64-linux-gnu/libxcb-xfixes.so.0.0.0
70daf9df1000-70daf9df3000 r--p 00000000 08:21 20725378                   /usr/lib/x86_64-linux-gnu/libxcb-dri2.so.0.0.0
70daf9df3000-70daf9df5000 r-xp 00002000 08:21 20725378                   /usr/lib/x86_64-linux-gnu/libxcb-dri2.so.0.0.0
70daf9df5000-70daf9df6000 r--p 00004000 08:21 20725378                   /usr/lib/x86_64-linux-gnu/libxcb-dri2.so.0.0.0
70daf9df6000-70daf9df7000 r--p 00004000 08:21 20725378                   /usr/lib/x86_64-linux-gnu/libxcb-dri2.so.0.0.0
70daf9df7000-70daf9df8000 rw-p 00005000 08:21 20725378                   /usr/lib/x86_64-linux-gnu/libxcb-dri2.so.0.0.0
70daf9df8000-70daf9df9000 r-xp 00000000 00:00 0 
70daf9df9000-70daf9dfe000 rw-p 00000000 00:00 0 
70daf9dfe000-70daf9dff000 rw-p 00000000 00:00 0 
70daf9dff000-70daf9e00000 rw-p 00000000 00:00 0 
70daf9e00000-70daf9e28000 r--p 00000000 08:21 20716700                   /usr/lib/x86_64-linux-gnu/libc.so.6
70daf9e28000-70daf9fb0000 r-xp 00028000 08:21 20716700                   /usr/lib/x86_64-linux-gnu/libc.so.6
70daf9fb0000-70daf9fff000 r--p 001b0000 08:21 20716700                   /usr/lib/x86_64-linux-gnu/libc.so.6
70daf9fff000-70dafa003000 r--p 001fe000 08:21 20716700                   /usr/lib/x86_64-linux-gnu/libc.so.6
70dafa003000-70dafa005000 rw-p 00202000 08:21 20716700                   /usr/lib/x86_64-linux-gnu/libc.so.6
70dafa005000-70dafa012000 rw-p 00000000 00:00 0 
70dafa012000-70dafa014000 r--p 00000000 08:21 20725352                   /usr/lib/x86_64-linux-gnu/libwayland-cursor.so.0.22.0
70dafa014000-70dafa016000 r-xp 00002000 08:21 20725352                   /usr/lib/x86_64-linux-gnu/libwayland-cursor.so.0.22.0
70dafa016000-70dafa017000 r--p 00004000 08:21 20725352                   /usr/lib/x86_64-linux-gnu/libwayland-cursor.so.0.22.0
70dafa017000-70dafa018000 r--p 00004000 08:21 20725352                   /usr/lib/x86_64-linux-gnu/libwayland-cursor.so.0.22.0
70dafa018000-70dafa01c000 rw-p 00005000 08:21 20725352                   /usr/lib/x86_64-linux-gnu/libwayland-cursor.so.0.22.0
70dafa01c000-70dafa0a1000 rw-p 00000000 00:00 0 
70dafa0a1000-70dafa0c1000 r-xp 00000000 08:23 23725337                   /opt/eclipse/plugins/org.eclipse.justj.openjdk.hotspot.jre.full.linux.x86_64_21.0.4.v20240802-1551/jre/lib/libjava.so
70dafa0c1000-70dafa0c2000 ---p 00020000 08:23 23725337                   /opt/eclipse/plugins/org.eclipse.justj.openjdk.hotspot.jre.full.linux.x86_64_21.0.4.v20240802-1551/jre/lib/libjava.so
70dafa0c2000-70dafa0c3000 r--p 00020000 08:23 23725337                   /opt/eclipse/plugins/org.eclipse.justj.openjdk.hotspot.jre.full.linux.x86_64_21.0.4.v20240802-1551/jre/lib/libjava.so
70dafa0c3000-70dafa0c4000 rw-p 00021000 08:23 23725337                   /opt/eclipse/plugins/org.eclipse.justj.openjdk.hotspot.jre.full.linux.x86_64_21.0.4.v20240802-1551/jre/lib/libjava.so
70dafa0c4000-70dafa0c5000 rw-p 00000000 00:00 0 
70dafa0c5000-70dafa0e0000 r-xp 00000000 08:23 23725338                   /opt/eclipse/plugins/org.eclipse.justj.openjdk.hotspot.jre.full.linux.x86_64_21.0.4.v20240802-1551/jre/lib/libjimage.so
70dafa0e0000-70dafa0e1000 ---p 0001b000 08:23 23725338                   /opt/eclipse/plugins/org.eclipse.justj.openjdk.hotspot.jre.full.linux.x86_64_21.0.4.v20240802-1551/jre/lib/libjimage.so
70dafa0e1000-70dafa0e3000 r--p 0001b000 08:23 23725338                   /opt/eclipse/plugins/org.eclipse.justj.openjdk.hotspot.jre.full.linux.x86_64_21.0.4.v20240802-1551/jre/lib/libjimage.so
70dafa0e3000-70dafa0e4000 rw-p 0001d000 08:23 23725338                   /opt/eclipse/plugins/org.eclipse.justj.openjdk.hotspot.jre.full.linux.x86_64_21.0.4.v20240802-1551/jre/lib/libjimage.so
70dafa0e4000-70dafa0f4000 r--p 00000000 08:21 20716703                   /usr/lib/x86_64-linux-gnu/libm.so.6
70dafa0f4000-70dafa173000 r-xp 00010000 08:21 20716703                   /usr/lib/x86_64-linux-gnu/libm.so.6
70dafa173000-70dafa1cb000 r--p 0008f000 08:21 20716703                   /usr/lib/x86_64-linux-gnu/libm.so.6
70dafa1cb000-70dafa1cc000 r--p 000e7000 08:21 20716703                   /usr/lib/x86_64-linux-gnu/libm.so.6
70dafa1cc000-70dafa1cd000 rw-p 000e8000 08:21 20716703                   /usr/lib/x86_64-linux-gnu/libm.so.6
70dafa1cd000-70dafa1ce000 r--p 00000000 08:21 20716715                   /usr/lib/x86_64-linux-gnu/librt.so.1
70dafa1ce000-70dafa1cf000 r-xp 00001000 08:21 20716715                   /usr/lib/x86_64-linux-gnu/librt.so.1
70dafa1cf000-70dafa1d0000 r--p 00002000 08:21 20716715                   /usr/lib/x86_64-linux-gnu/librt.so.1
70dafa1d0000-70dafa1d1000 r--p 00002000 08:21 20716715                   /usr/lib/x86_64-linux-gnu/librt.so.1
70dafa1d1000-70dafa1d2000 rw-p 00003000 08:21 20716715                   /usr/lib/x86_64-linux-gnu/librt.so.1
70dafa1d2000-70dafa1d4000 rw-p 00000000 00:00 0 
70dafa1d4000-70dafa1d5000 r--p 00000000 08:21 20716702                   /usr/lib/x86_64-linux-gnu/libdl.so.2
70dafa1d5000-70dafa1d6000 r-xp 00001000 08:21 20716702                   /usr/lib/x86_64-linux-gnu/libdl.so.2
70dafa1d6000-70dafa1d7000 r--p 00002000 08:21 20716702                   /usr/lib/x86_64-linux-gnu/libdl.so.2
70dafa1d7000-70dafa1d8000 r--p 00002000 08:21 20716702                   /usr/lib/x86_64-linux-gnu/libdl.so.2
70dafa1d8000-70dafa1d9000 rw-p 00003000 08:21 20716702                   /usr/lib/x86_64-linux-gnu/libdl.so.2
70dafa1d9000-70dafa1da000 r--p 00000000 08:21 20716712                   /usr/lib/x86_64-linux-gnu/libpthread.so.0
70dafa1da000-70dafa1db000 r-xp 00001000 08:21 20716712                   /usr/lib/x86_64-linux-gnu/libpthread.so.0
70dafa1db000-70dafa1dc000 r--p 00002000 08:21 20716712                   /usr/lib/x86_64-linux-gnu/libpthread.so.0
70dafa1dc000-70dafa1dd000 r--p 00002000 08:21 20716712                   /usr/lib/x86_64-linux-gnu/libpthread.so.0
70dafa1dd000-70dafa1de000 rw-p 00003000 08:21 20716712                   /usr/lib/x86_64-linux-gnu/libpthread.so.0
70dafa1de000-70dafa1df000 r--p 00000000 08:21 20725353                   /usr/lib/x86_64-linux-gnu/libwayland-egl.so.1.22.0
70dafa1df000-70dafa1e0000 r-xp 00001000 08:21 20725353                   /usr/lib/x86_64-linux-gnu/libwayland-egl.so.1.22.0
70dafa1e0000-70dafa1e1000 r--p 00002000 08:21 20725353                   /usr/lib/x86_64-linux-gnu/libwayland-egl.so.1.22.0
70dafa1e1000-70dafa1e2000 r--p 00002000 08:21 20725353                   /usr/lib/x86_64-linux-gnu/libwayland-egl.so.1.22.0
70dafa1e2000-70dafa1e3000 rw-p 00003000 08:21 20725353                   /usr/lib/x86_64-linux-gnu/libwayland-egl.so.1.22.0
70dafa1e3000-70dafa1e8000 rw-p 00000000 00:00 0 
70dafa1e8000-70dafa1ef000 ---p 00000000 00:00 0 
70dafa1ef000-70dafa1f7000 rw-s 00000000 08:21 262171                     /tmp/hsperfdata_ro/41834
70dafa1f7000-70dafa1f8000 ---p 00000000 00:00 0 
70dafa1f8000-70dafa1f9000 r--p 00000000 00:00 0 
70dafa1f9000-70dafa1fa000 ---p 00000000 00:00 0 
70dafa1fa000-70dafa213000 r-xp 00000000 08:23 23725339                   /opt/eclipse/plugins/org.eclipse.justj.openjdk.hotspot.jre.full.linux.x86_64_21.0.4.v20240802-1551/jre/lib/libjli.so
70dafa213000-70dafa214000 r--p 00018000 08:23 23725339                   /opt/eclipse/plugins/org.eclipse.justj.openjdk.hotspot.jre.full.linux.x86_64_21.0.4.v20240802-1551/jre/lib/libjli.so
70dafa214000-70dafa215000 rw-p 00019000 08:23 23725339                   /opt/eclipse/plugins/org.eclipse.justj.openjdk.hotspot.jre.full.linux.x86_64_21.0.4.v20240802-1551/jre/lib/libjli.so
70dafa215000-70dafa217000 rw-p 00000000 00:00 0 
70dafa217000-70dafa218000 r--p 00000000 08:21 20716697                   /usr/lib/x86_64-linux-gnu/ld-linux-x86-64.so.2
70dafa218000-70dafa243000 r-xp 00001000 08:21 20716697                   /usr/lib/x86_64-linux-gnu/ld-linux-x86-64.so.2
70dafa243000-70dafa24d000 r--p 0002c000 08:21 20716697                   /usr/lib/x86_64-linux-gnu/ld-linux-x86-64.so.2
70dafa24d000-70dafa24f000 r--p 00036000 08:21 20716697                   /usr/lib/x86_64-linux-gnu/ld-linux-x86-64.so.2
70dafa24f000-70dafa251000 rw-p 00038000 08:21 20716697                   /usr/lib/x86_64-linux-gnu/ld-linux-x86-64.so.2
7ffc06935000-7ffc06957000 rw-p 00000000 00:00 0                          [stack]
7ffc0695c000-7ffc06960000 r--p 00000000 00:00 0                          [vvar]
7ffc06960000-7ffc06962000 r-xp 00000000 00:00 0                          [vdso]
ffffffffff600000-ffffffffff601000 --xp 00000000 00:00 0                  [vsyscall]
Total number of mappings: 1555


VM Arguments:
jvm_args: -Dorg.eclipse.ecf.provider.filetransfer.excludeContributors=org.eclipse.ecf.provider.filetransfer.httpclientjava -Dosgi.requiredJavaVersion=21 -Dosgi.instance.area.default=@user.home/eclipse-workspace -Dosgi.dataAreaRequiresExplicitInit=true -Dorg.eclipse.swt.graphics.Resource.reportNonDisposed=true -Declipse.e4.inject.javax.warning=false -Xms256m -Xmx2048m -XX:+UseG1GC -XX:+UseStringDeduplication --add-modules=ALL-SYSTEM -Djava.security.manager=allow 
java_command: /opt/eclipse//plugins/org.eclipse.equinox.launcher_1.6.900.v20240613-2009.jar -os linux -ws gtk -arch x86_64 -showsplash /opt/eclipse//plugins/org.eclipse.epp.package.common_4.33.0.20240905-0613/splash.bmp -launcher /opt/eclipse/eclipse -name Eclipse --launcher.library /opt/eclipse//plugins/org.eclipse.equinox.launcher.gtk.linux.x86_64_1.2.1100.v20240722-2106/eclipse_11904.so -startup /opt/eclipse//plugins/org.eclipse.equinox.launcher_1.6.900.v20240613-2009.jar --launcher.appendVmargs -exitdata 803c -product org.eclipse.epp.package.java.product -vm /opt/eclipse//plugins/org.eclipse.justj.openjdk.hotspot.jre.full.linux.x86_64_21.0.4.v20240802-1551/jre/bin/java -vmargs -Dorg.eclipse.ecf.provider.filetransfer.excludeContributors=org.eclipse.ecf.provider.filetransfer.httpclientjava -Dosgi.requiredJavaVersion=21 -Dosgi.instance.area.default=@user.home/eclipse-workspace -Dosgi.dataAreaRequiresExplicitInit=true -Dorg.eclipse.swt.graphics.Resource.reportNonDisposed=true -Declipse.e4.inject.javax.warning=false -Dsun.java.command=Eclipse -Xms256m -Xmx2048m -XX:+UseG1GC -XX:+UseStringDeduplication --add-modules=ALL-SYSTEM -Djava.security.manager=allow -jar /opt/eclipse//plugins/org.eclipse.equinox.launcher_1.6.900.v20240613-2009.jar
java_class_path (initial): /opt/eclipse//plugins/org.eclipse.equinox.launcher_1.6.900.v20240613-2009.jar
Launcher Type: SUN_STANDARD

[Global flags]
     intx CICompilerCount                          = 4                                         {product} {ergonomic}
     uint ConcGCThreads                            = 2                                         {product} {ergonomic}
     uint G1ConcRefinementThreads                  = 8                                         {product} {ergonomic}
   size_t G1HeapRegionSize                         = 1048576                                   {product} {ergonomic}
    uintx GCDrainStackTargetSize                   = 64                                        {product} {ergonomic}
   size_t InitialHeapSize                          = 268435456                                 {product} {command line}
   size_t MarkStackSize                            = 4194304                                   {product} {ergonomic}
   size_t MaxHeapSize                              = 2147483648                                {product} {command line}
   size_t MaxNewSize                               = 1287651328                                {product} {ergonomic}
   size_t MinHeapDeltaBytes                        = 1048576                                   {product} {ergonomic}
   size_t MinHeapSize                              = 268435456                                 {product} {command line}
    uintx NonNMethodCodeHeapSize                   = 5839372                                {pd product} {ergonomic}
    uintx NonProfiledCodeHeapSize                  = 122909434                              {pd product} {ergonomic}
    uintx ProfiledCodeHeapSize                     = 122909434                              {pd product} {ergonomic}
    uintx ReservedCodeCacheSize                    = 251658240                              {pd product} {ergonomic}
     bool SegmentedCodeCache                       = true                                      {product} {ergonomic}
   size_t SoftMaxHeapSize                          = 2147483648                             {manageable} {ergonomic}
     bool UseCompressedOops                        = true                           {product lp64_product} {ergonomic}
     bool UseG1GC                                  = true                                      {product} {command line}
     bool UseStringDeduplication                   = true                                      {product} {command line}

Logging:
Log output configuration:
 #0: stdout all=warning uptime,level,tags foldmultilines=false
 #1: stderr all=off uptime,level,tags foldmultilines=false

Environment Variables:
PATH=/home/ro/.local/bin:/home/ro/.local/bin:/home/ro/.local/bin:/usr/local/sbin:/usr/local/bin:/usr/sbin:/usr/bin:/sbin:/bin:/usr/games:/usr/local/games:/snap/bin:/snap/bin
USERNAME=ro
SHELL=/bin/bash
DISPLAY=:1
LANG=de_DE.UTF-8
TERM=xterm-256color

Active Locale:
LC_ALL=de_DE.UTF-8
LC_COLLATE=de_DE.UTF-8
LC_CTYPE=de_DE.UTF-8
LC_MESSAGES=de_DE.UTF-8
LC_MONETARY=de_DE.UTF-8
LC_NUMERIC=de_DE.UTF-8
LC_TIME=de_DE.UTF-8

Signal Handlers:
   SIGSEGV: crash_handler in libjvm.so, mask=11100100010111111101111111111110, flags=SA_RESTART|SA_SIGINFO, unblocked
    SIGBUS: crash_handler in libjvm.so, mask=11100100010111111101111111111110, flags=SA_RESTART|SA_SIGINFO, unblocked
    SIGFPE: crash_handler in libjvm.so, mask=11100100010111111101111111111110, flags=SA_RESTART|SA_SIGINFO, unblocked
   SIGPIPE: SIG_IGN, mask=00000000000010000000000000000000, flags=SA_RESTART, blocked
  *** Handler was modified!
  *** Expected: javaSignalHandler in libjvm.so, mask=11100100110111111111111111111110, flags=SA_RESTART|SA_SIGINFO
   SIGXFSZ: javaSignalHandler in libjvm.so, mask=11100100010111111101111111111110, flags=SA_RESTART|SA_SIGINFO, blocked
    SIGILL: crash_handler in libjvm.so, mask=11100100010111111101111111111110, flags=SA_RESTART|SA_SIGINFO, unblocked
   SIGUSR2: SR_handler in libjvm.so, mask=00000000000000000000000000000000, flags=SA_RESTART|SA_SIGINFO, blocked
    SIGHUP: UserHandler in libjvm.so, mask=11100100010111111101111111111110, flags=SA_RESTART|SA_SIGINFO, blocked
    SIGINT: UserHandler in libjvm.so, mask=11100100010111111101111111111110, flags=SA_RESTART|SA_SIGINFO, blocked
   SIGTERM: UserHandler in libjvm.so, mask=11100100010111111101111111111110, flags=SA_RESTART|SA_SIGINFO, blocked
   SIGQUIT: UserHandler in libjvm.so, mask=11100100010111111101111111111110, flags=SA_RESTART|SA_SIGINFO, blocked
   SIGTRAP: crash_handler in libjvm.so, mask=11100100010111111101111111111110, flags=SA_RESTART|SA_SIGINFO, unblocked


Periodic native trim disabled

---------------  S Y S T E M  ---------------

OS:
DISTRIB_ID=Ubuntu
DISTRIB_RELEASE=24.04
DISTRIB_CODENAME=noble
DISTRIB_DESCRIPTION="Ubuntu 24.04.1 LTS"
uname: Linux 6.8.0-48-generic #48-Ubuntu SMP PREEMPT_DYNAMIC Fri Sep 27 14:04:52 UTC 2024 x86_64
OS uptime: 0 days 23:16 hours
libc: glibc 2.39 NPTL 2.39 
rlimit (soft/hard): STACK 8192k/infinity , CORE 0k/infinity , NPROC 127845/127845 , NOFILE 1048576/1048576 , AS infinity/infinity , CPU infinity/infinity , DATA infinity/infinity , FSIZE infinity/infinity , MEMLOCK 4100504k/4100504k
load average: 2,67 2,28 1,80

/proc/meminfo:
MemTotal:       32804040 kB
MemFree:        16257720 kB
MemAvailable:   23550992 kB
Buffers:         1199280 kB
Cached:          6014296 kB
SwapCached:            0 kB
Active:         10107560 kB
Inactive:        3666708 kB
Active(anon):    6770668 kB
Inactive(anon):        0 kB
Active(file):    3336892 kB
Inactive(file):  3666708 kB
Unevictable:         112 kB
Mlocked:             112 kB
SwapTotal:             0 kB
SwapFree:              0 kB
Zswap:                 0 kB
Zswapped:              0 kB
Dirty:               444 kB
Writeback:             0 kB
AnonPages:       6560856 kB
Mapped:          1378164 kB
Shmem:            209964 kB
KReclaimable:     754612 kB
Slab:            1601548 kB
SReclaimable:     754612 kB
SUnreclaim:       846936 kB
KernelStack:      631344 kB
PageTables:       138776 kB
SecPageTables:         0 kB
NFS_Unstable:          0 kB
Bounce:                0 kB
WritebackTmp:          0 kB
CommitLimit:    16402020 kB
Committed_AS:   62691180 kB
VmallocTotal:   34359738367 kB
VmallocUsed:      739884 kB
VmallocChunk:          0 kB
Percpu:            12224 kB
HardwareCorrupted:     0 kB
AnonHugePages:    172032 kB
ShmemHugePages:        0 kB
ShmemPmdMapped:        0 kB
FileHugePages:         0 kB
FilePmdMapped:         0 kB
Unaccepted:            0 kB
HugePages_Total:       0
HugePages_Free:        0
HugePages_Rsvd:        0
HugePages_Surp:        0
Hugepagesize:       2048 kB
Hugetlb:               0 kB
DirectMap4k:     1480332 kB
DirectMap2M:    20477952 kB
DirectMap1G:    11534336 kB

/sys/kernel/mm/transparent_hugepage/enabled: always [madvise] never
/sys/kernel/mm/transparent_hugepage/hpage_pmd_size: 2097152
/sys/kernel/mm/transparent_hugepage/defrag (defrag/compaction efforts parameter): always defer defer+madvise [madvise] never

Process Memory:
Virtual Size: 81098484K (peak: 142552352K)
Resident Set Size: 1211176K (peak: 1218520K) (anon: 1067500K, file: 141528K, shmem: 2148K)
Swapped out: 0K
C-Heap outstanding allocations: 150948K, retained: 334111K
glibc malloc tunables: (default)

/proc/sys/kernel/threads-max (system-wide limit on the number of threads): 255690
/proc/sys/vm/max_map_count (maximum number of memory map areas a process may have): 1048576
/proc/sys/vm/swappiness (control to define how aggressively the kernel swaps out anonymous memory): 60
/proc/sys/kernel/pid_max (system-wide limit on number of process identifiers): 4194304

container (cgroup) information:
container_type: cgroupv2
cpu_cpuset_cpus: not supported
cpu_memory_nodes: not supported
active_processor_count: 8
cpu_quota: not supported
cpu_period: not supported
cpu_shares: not supported
memory_limit_in_bytes: unlimited
memory_and_swap_limit_in_bytes: unlimited
memory_soft_limit_in_bytes: unlimited
memory_usage_in_bytes: 5921912 k
memory_max_usage_in_bytes: not supported
memory_swap_current_in_bytes: unlimited
memory_swap_max_limit_in_bytes: unlimited
maximum number of tasks: 38353
current number of tasks: 38353

Steal ticks since vm start: 0
Steal ticks percentage since vm start:  0,000

CPU: total 8 (initial active 8) (8 cores per cpu, 1 threads per core) family 6 model 158 stepping 13 microcode 0x100, cx8, cmov, fxsr, mmx, 3dnowpref, sse, sse2, sse3, ssse3, sse4.1, sse4.2, popcnt, lzcnt, tsc, tscinvbit, avx, avx2, aes, erms, clmul, bmi1, bmi2, rtm, adx, fma, vzeroupper, clflush, clflushopt, rdtscp, f16c
CPU Model and flags from /proc/cpuinfo:
model name	: Intel(R) Core(TM) i7-9700 CPU @ 3.00GHz
flags		: fpu vme de pse tsc msr pae mce cx8 apic sep mtrr pge mca cmov pat pse36 clflush dts acpi mmx fxsr sse sse2 ss ht tm pbe syscall nx pdpe1gb rdtscp lm constant_tsc art arch_perfmon pebs bts rep_good nopl xtopology nonstop_tsc cpuid aperfmperf pni pclmulqdq dtes64 monitor ds_cpl vmx smx est tm2 ssse3 sdbg fma cx16 xtpr pdcm pcid sse4_1 sse4_2 x2apic movbe popcnt tsc_deadline_timer aes xsave avx f16c rdrand lahf_lm abm 3dnowprefetch cpuid_fault epb ssbd ibrs ibpb stibp ibrs_enhanced tpr_shadow flexpriority ept vpid ept_ad fsgsbase tsc_adjust bmi1 avx2 smep bmi2 erms invpcid mpx rdseed adx smap clflushopt intel_pt xsaveopt xsavec xgetbv1 xsaves dtherm ida arat pln pts hwp hwp_notify hwp_act_window hwp_epp vnmi md_clear flush_l1d arch_capabilities

Online cpus: 0-7
Offline cpus: 
BIOS frequency limitation: <Not Available>
Frequency switch latency (ns): 0
Available cpu frequencies: <Not Available>
Current governor: powersave
Core performance/turbo boost: <Not Available>

Memory: 4k page, physical 32804040k(23550992k free), swap 0k(0k free)
Page Sizes: 4k

vm_info: OpenJDK 64-Bit Server VM (21.0.4+7-LTS) for linux-amd64 JRE (21.0.4+7-LTS), built on 2024-07-16T00:00:00Z by "admin" with gcc 11.3.0

END.
